,accuracy,loss,f1
0,0.38097582321409035,1.6871290427304868,"tensor(0.0962, device='cuda:0')"
1,0.38261678153374906,1.618957438532574,"tensor(0.1201, device='cuda:0')"
2,0.3849141231812712,1.6013478744526868,"tensor(0.0903, device='cuda:0')"
3,0.390930970353353,1.5872710978041957,"tensor(0.1129, device='cuda:0')"
4,0.39760420085329834,1.5706720368604719,"tensor(0.1531, device='cuda:0')"
5,0.40952849797615143,1.5505112226493718,"tensor(0.1680, device='cuda:0')"
6,0.413412099332677,1.5374874710814983,"tensor(0.1065, device='cuda:0')"
7,0.4160923312547861,1.5338484818663356,"tensor(0.1406, device='cuda:0')"
8,0.4153265507056121,1.532743772262166,"tensor(0.1167, device='cuda:0')"
9,0.4168034131933049,1.5335884531508546,"tensor(0.1617, device='cuda:0')"
10,0.41527185209495676,1.5321802885602018,"tensor(0.1849, device='cuda:0')"
11,0.4159829340334755,1.5313801997183396,"tensor(0.1684, device='cuda:0')"
12,0.4174597965211684,1.5314267456577169,"tensor(0.1495, device='cuda:0')"
13,0.416639317361339,1.5311878607526361,"tensor(0.1815, device='cuda:0')"
14,0.41784268679575537,1.530410150497803,"tensor(0.1541, device='cuda:0')"
15,0.4173503992998578,1.5301920746885809,"tensor(0.1929, device='cuda:0')"
16,0.416639317361339,1.529755860446462,"tensor(0.1692, device='cuda:0')"
17,0.41800678262772123,1.5302166616404138,"tensor(0.1595, device='cuda:0')"
18,0.4177879881851001,1.5299458298585618,"tensor(0.2544, device='cuda:0')"
19,0.4172410020785472,1.5290758096080237,"tensor(0.1574, device='cuda:0')"
20,0.4159829340334755,1.5295625038916922,"tensor(0.1310, device='cuda:0')"
21,0.41642052291871784,1.528531717714185,"tensor(0.1157, device='cuda:0')"
22,0.41696750902527074,1.5285827598299477,"tensor(0.1597, device='cuda:0')"
23,0.4182255770703424,1.528450775702038,"tensor(0.1485, device='cuda:0')"
24,0.41860846734492946,1.5284086140719326,"tensor(0.1386, device='cuda:0')"
25,0.41860846734492946,1.527744812903317,"tensor(0.1588, device='cuda:0')"
26,0.41696750902527074,1.52697756995702,"tensor(0.1340, device='cuda:0')"
27,0.41860846734492946,1.5275405020698678,"tensor(0.1630, device='cuda:0')"
28,0.4181161798490318,1.5272008415359257,"tensor(0.1523, device='cuda:0')"
29,0.4191554534514823,1.5274425167938823,"tensor(0.1735, device='cuda:0')"
30,0.4184443715129636,1.5251203016801314,"tensor(0.1667, device='cuda:0')"
31,0.4199212340006564,1.5263165847541285,"tensor(0.1369, device='cuda:0')"
32,0.4187725631768953,1.5260081755725028,"tensor(0.1979, device='cuda:0')"
33,0.41910075484082704,1.5260825542401542,"tensor(0.1558, device='cuda:0')"
34,0.4197024395580352,1.5255858160945783,"tensor(0.1472, device='cuda:0')"
35,0.41871786456624,1.5251629276800411,"tensor(0.1782, device='cuda:0')"
36,0.41904605623017177,1.5242172399556764,"tensor(0.1390, device='cuda:0')"
37,0.4193742478941035,1.524602341803194,"tensor(0.1147, device='cuda:0')"
38,0.4199212340006564,1.5243295149056686,"tensor(0.1659, device='cuda:0')"
39,0.41953834372606935,1.524168071711876,"tensor(0.1626, device='cuda:0')"
40,0.41964774094737994,1.5236171656006496,"tensor(0.1593, device='cuda:0')"
41,0.41975713816869054,1.5239730393021937,"tensor(0.1544, device='cuda:0')"
42,0.42068701454983043,1.5233148211476162,"tensor(0.1455, device='cuda:0')"
43,0.4198118367793458,1.5226832333650204,"tensor(0.1611, device='cuda:0')"
44,0.4195930423367246,1.5214104241608086,"tensor(0.1576, device='cuda:0')"
45,0.4208511103817963,1.5209396180849917,"tensor(0.1926, device='cuda:0')"
46,0.41953834372606935,1.5206870845313303,"tensor(0.1680, device='cuda:0')"
47,0.4186631659555847,1.5210887643600004,"tensor(0.1133, device='cuda:0')"
48,0.4215074937096598,1.5207656700962444,"tensor(0.1752, device='cuda:0')"
49,0.4201400284432775,1.5195322292089175,"tensor(0.1508, device='cuda:0')"
50,0.4201400284432775,1.5198993277150683,"tensor(0.1293, device='cuda:0')"
51,0.420413521496554,1.5201026732023586,"tensor(0.1684, device='cuda:0')"
52,0.42260146592276554,1.5182727314218,"tensor(0.1612, device='cuda:0')"
53,0.42210917842686796,1.51897514912326,"tensor(0.1675, device='cuda:0')"
54,0.42063231593917516,1.5201212729292435,"tensor(0.1843, device='cuda:0')"
55,0.42101520621376215,1.5178505138056686,"tensor(0.1384, device='cuda:0')"
56,0.4216168909309704,1.5173868850002323,"tensor(0.1961, device='cuda:0')"
57,0.42167158954162565,1.5187308614200008,"tensor(0.1243, device='cuda:0')"
58,0.4210699048244175,1.5179951116744257,"tensor(0.1565, device='cuda:0')"
59,0.42391423257849253,1.5163513450311656,"tensor(0.1622, device='cuda:0')"
60,0.42276556175473146,1.517484128351298,"tensor(0.1671, device='cuda:0')"
61,0.42156219232031505,1.5171475288917768,"tensor(0.2067, device='cuda:0')"
62,0.4209058089924516,1.515801473997208,"tensor(0.1653, device='cuda:0')"
63,0.42260146592276554,1.515267365845506,"tensor(0.1261, device='cuda:0')"
64,0.42265616453342086,1.5147814105524953,"tensor(0.1507, device='cuda:0')"
65,0.4223279728694891,1.5160982698518382,"tensor(0.1385, device='cuda:0')"
66,0.4219450825949021,1.5148009797335062,"tensor(0.1668, device='cuda:0')"
67,0.42210917842686796,1.5138218639038048,"tensor(0.2104, device='cuda:0')"
68,0.422874958976042,1.5143528313517323,"tensor(0.1329, device='cuda:0')"
69,0.42347664369325017,1.5126403007057665,"tensor(0.1401, device='cuda:0')"
70,0.42254676731211027,1.5137653475373205,"tensor(0.1501, device='cuda:0')"
71,0.4236407395252161,1.5128901465666031,"tensor(0.2006, device='cuda:0')"
72,0.42271086314407613,1.513449747574667,"tensor(0.1828, device='cuda:0')"
73,0.4230937534186632,1.513029221541093,"tensor(0.1729, device='cuda:0')"
74,0.42391423257849253,1.5110886855428505,"tensor(0.1425, device='cuda:0')"
75,0.42358604091456076,1.510445309772936,"tensor(0.1548, device='cuda:0')"
76,0.42380483535718194,1.5105175871176657,"tensor(0.1742, device='cuda:0')"
77,0.4230937534186632,1.5109587310375368,"tensor(0.1824, device='cuda:0')"
78,0.4244612186850454,1.5096472605040787,"tensor(0.1242, device='cuda:0')"
79,0.4235313423039055,1.5098387271723357,"tensor(0.1873, device='cuda:0')"
80,0.42473471173832184,1.5085174049776606,"tensor(0.1700, device='cuda:0')"
81,0.42276556175473146,1.5099195054787382,"tensor(0.1797, device='cuda:0')"
82,0.4235313423039055,1.5086647366788843,"tensor(0.1703, device='cuda:0')"
83,0.4244065200743901,1.508250486888558,"tensor(0.1724, device='cuda:0')"
84,0.4248988075702877,1.5078356697553879,"tensor(0.1526, device='cuda:0')"
85,0.42473471173832184,1.508006301232415,"tensor(0.2004, device='cuda:0')"
86,0.42539109506618533,1.50749961021314,"tensor(0.1759, device='cuda:0')"
87,0.42391423257849253,1.5070485707615726,"tensor(0.1497, device='cuda:0')"
88,0.42413302702111366,1.5075922849702308,"tensor(0.1437, device='cuda:0')"
89,0.42517230062356415,1.5077443855777244,"tensor(0.1701, device='cuda:0')"
90,0.42517230062356415,1.5047503140807061,"tensor(0.1565, device='cuda:0')"
91,0.4255004922874959,1.5047779536954085,"tensor(0.1650, device='cuda:0')"
92,0.42517230062356415,1.504536632244259,"tensor(0.1926, device='cuda:0')"
93,0.4257739853407723,1.504080249553514,"tensor(0.1660, device='cuda:0')"
94,0.42517230062356415,1.5044265431108965,"tensor(0.1821, device='cuda:0')"
95,0.42615687561535937,1.504028558326803,"tensor(0.1911, device='cuda:0')"
96,0.4257739853407723,1.5035441773632348,"tensor(0.1276, device='cuda:0')"
97,0.42582868395142764,1.5043691100287575,"tensor(0.1648, device='cuda:0')"
98,0.42593808117273824,1.5020209093373476,"tensor(0.1883, device='cuda:0')"
99,0.42675856033256754,1.5023708405712217,"tensor(0.1890, device='cuda:0')"
100,0.4264850672792911,1.502349569413845,"tensor(0.1462, device='cuda:0')"
101,0.42763373810305216,1.500827965870974,"tensor(0.1617, device='cuda:0')"
102,0.42719614921780985,1.5014186583727536,"tensor(0.1696, device='cuda:0')"
103,0.4258833825620829,1.5008098998928916,"tensor(0.1535, device='cuda:0')"
104,0.42785253254567335,1.5004111970231278,"tensor(0.1674, device='cuda:0')"
105,0.4269773547751887,1.4992634994354306,"tensor(0.1520, device='cuda:0')"
106,0.4275790394923969,1.499353447089296,"tensor(0.1631, device='cuda:0')"
107,0.42730554643912044,1.4988530760924594,"tensor(0.1343, device='cuda:0')"
108,0.429110600590745,1.4981247999646994,"tensor(0.1497, device='cuda:0')"
109,0.42829012143091566,1.4979264145801996,"tensor(0.1811, device='cuda:0')"
110,0.4275243408817416,1.4977668808085849,"tensor(0.1470, device='cuda:0')"
111,0.4286730117055027,1.4982066955077102,"tensor(0.1638, device='cuda:0')"
112,0.427032053385844,1.496745308109843,"tensor(0.2001, device='cuda:0')"
113,0.4269773547751887,1.4971109484702907,"tensor(0.1513, device='cuda:0')"
114,0.4285636144841921,1.4960924738176724,"tensor(0.1621, device='cuda:0')"
115,0.428727710316158,1.495966620980461,"tensor(0.1844, device='cuda:0')"
116,0.42889180614812383,1.495295908881178,"tensor(0.1615, device='cuda:0')"
117,0.42883710753746856,1.494031745343406,"tensor(0.1750, device='cuda:0')"
118,0.43031397002516136,1.4931833966009702,"tensor(0.1695, device='cuda:0')"
119,0.4290559019800897,1.4928394734187846,"tensor(0.1754, device='cuda:0')"
120,0.429110600590745,1.4935540129874705,"tensor(0.1723, device='cuda:0')"
121,0.42965758669729787,1.4933149457538615,"tensor(0.1539, device='cuda:0')"
122,0.431189147795646,1.49215606077666,"tensor(0.1962, device='cuda:0')"
123,0.43031397002516136,1.4921501781548965,"tensor(0.1781, device='cuda:0')"
124,0.4317361339021989,1.4904097180543354,"tensor(0.1914, device='cuda:0')"
125,0.43086095613171427,1.489485807341098,"tensor(0.1709, device='cuda:0')"
126,0.4312985450169566,1.490678977893278,"tensor(0.1557, device='cuda:0')"
127,0.43195492834482,1.490184827167009,"tensor(0.1437, device='cuda:0')"
128,0.4307515589104037,1.4892461800807388,"tensor(0.1819, device='cuda:0')"
129,0.43135324362761185,1.4887717090463133,"tensor(0.1711, device='cuda:0')"
130,0.4301498741931955,1.488337366719982,"tensor(0.1503, device='cuda:0')"
131,0.4312985450169566,1.4863587077187443,"tensor(0.1163, device='cuda:0')"
132,0.43195492834482,1.486155562374214,"tensor(0.1214, device='cuda:0')"
133,0.4321190241767859,1.4863476161165972,"tensor(0.1360, device='cuda:0')"
134,0.43239251723006233,1.484879207420683,"tensor(0.1310, device='cuda:0')"
135,0.4316267366808883,1.4852567856375178,"tensor(0.1574, device='cuda:0')"
136,0.43255661306202825,1.4849004400414172,"tensor(0.1968, device='cuda:0')"
137,0.43326769500054696,1.4843009584464648,"tensor(0.1194, device='cuda:0')"
138,0.43326769500054696,1.483673280157363,"tensor(0.1468, device='cuda:0')"
139,0.4315173394595777,1.48281098639283,"tensor(0.1740, device='cuda:0')"
140,0.43496335193086094,1.4811561391150425,"tensor(0.1580, device='cuda:0')"
141,0.4334317908325129,1.4821202349785367,"tensor(0.1697, device='cuda:0')"
142,0.4341975713816869,1.4810228948454383,"tensor(0.1781, device='cuda:0')"
143,0.43540094081610325,1.4801775612986046,"tensor(0.1736, device='cuda:0')"
144,0.4341975713816869,1.4809193281203543,"tensor(0.1492, device='cuda:0')"
145,0.43572913248003503,1.4787736591997012,"tensor(0.1499, device='cuda:0')"
146,0.4339787769390657,1.4796057278342352,"tensor(0.1425, device='cuda:0')"
147,0.4337599824964446,1.4779643260497597,"tensor(0.1616, device='cuda:0')"
148,0.435346242205448,1.4772605919209367,"tensor(0.1827, device='cuda:0')"
149,0.43720599496772783,1.4764451865306922,"tensor(0.1681, device='cuda:0')"
150,0.436112022754622,1.4748530982033896,"tensor(0.1495, device='cuda:0')"
151,0.4343069686029975,1.4756512317442552,"tensor(0.1697, device='cuda:0')"
152,0.4351274477628268,1.4741668598277082,"tensor(0.1988, device='cuda:0')"
153,0.4358932283120009,1.4739088926465542,"tensor(0.1564, device='cuda:0')"
154,0.4383546657914889,1.4719499316078322,"tensor(0.1599, device='cuda:0')"
155,0.43720599496772783,1.470969255741805,"tensor(0.1796, device='cuda:0')"
156,0.4382452685701783,1.4714220650098788,"tensor(0.1990, device='cuda:0')"
157,0.4381358713488677,1.470231986948286,"tensor(0.1939, device='cuda:0')"
158,0.4382452685701783,1.4701800710092605,"tensor(0.1788, device='cuda:0')"
159,0.4398315282791817,1.4682252060700631,"tensor(0.1753, device='cuda:0')"
160,0.43862815884476536,1.4677858527151921,"tensor(0.1568, device='cuda:0')"
161,0.4398315282791817,1.4668036037195096,"tensor(0.1540, device='cuda:0')"
162,0.44191007548408273,1.4659110667368813,"tensor(0.1975, device='cuda:0')"
163,0.44125369215621923,1.4648470604736608,"tensor(0.1920, device='cuda:0')"
164,0.44021441855376875,1.4642359872391704,"tensor(0.1972, device='cuda:0')"
165,0.441964774094738,1.4638733460467332,"tensor(0.1700, device='cuda:0')"
166,0.4424023629799803,1.4614743225397917,"tensor(0.1650, device='cuda:0')"
167,0.43966743244721584,1.4619963032687313,"tensor(0.1765, device='cuda:0')"
168,0.4439886226889837,1.4595126050552227,"tensor(0.1854, device='cuda:0')"
169,0.4428399518652226,1.4593235264981474,"tensor(0.1686, device='cuda:0')"
170,0.444426211574226,1.4597589384477936,"tensor(0.1966, device='cuda:0')"
171,0.4449731976807789,1.4591838226265152,"tensor(0.1659, device='cuda:0')"
172,0.4444809101848813,1.4566724098246464,"tensor(0.1800, device='cuda:0')"
173,0.4434963351930861,1.4566466150261905,"tensor(0.1570, device='cuda:0')"
174,0.4449731976807789,1.4566559672368693,"tensor(0.1794, device='cuda:0')"
175,0.4459030740619188,1.4553532413131702,"tensor(0.2085, device='cuda:0')"
176,0.4460671698938847,1.4535979191097046,"tensor(0.1707, device='cuda:0')"
177,0.4469423476643693,1.4517459081437574,"tensor(0.1733, device='cuda:0')"
178,0.4479269226561645,1.4525084277104918,"tensor(0.2207, device='cuda:0')"
179,0.44787222404550925,1.451512060153929,"tensor(0.1978, device='cuda:0')"
180,0.44595777267257414,1.4502097760909836,"tensor(0.1699, device='cuda:0')"
181,0.44688764905371403,1.4508299514196488,"tensor(0.1699, device='cuda:0')"
182,0.447817525434854,1.4495610856550838,"tensor(0.1334, device='cuda:0')"
183,0.44830981293075156,1.4463460407845496,"tensor(0.1666, device='cuda:0')"
184,0.45055245596761845,1.4467761365945588,"tensor(0.1742, device='cuda:0')"
185,0.4492943879225468,1.4468078860802562,"tensor(0.1876, device='cuda:0')"
186,0.45159172957006893,1.444954192738814,"tensor(0.1988, device='cuda:0')"
187,0.45044305874630786,1.444591660114076,"tensor(0.1470, device='cuda:0')"
188,0.45104474346351603,1.4445989743818954,"tensor(0.1814, device='cuda:0')"
189,0.45241220872989824,1.4426628830083128,"tensor(0.1465, device='cuda:0')"
190,0.45181052401269006,1.441753962279644,"tensor(0.1726, device='cuda:0')"
191,0.4532873865003829,1.4422639247664555,"tensor(0.2093, device='cuda:0')"
192,0.4526857017831747,1.4406104309007748,"tensor(0.2057, device='cuda:0')"
193,0.45191992123400065,1.441314325631545,"tensor(0.1372, device='cuda:0')"
194,0.45339678372169345,1.439757244094771,"tensor(0.1816, device='cuda:0')"
195,0.45372497538562523,1.438864102758473,"tensor(0.1839, device='cuda:0')"
196,0.455584728147905,1.4373854940327,"tensor(0.1767, device='cuda:0')"
197,0.4541078656602122,1.4379068223382356,"tensor(0.1722, device='cuda:0')"
198,0.45383437260693577,1.4373454944451807,"tensor(0.1679, device='cuda:0')"
199,0.45306859205776173,1.4374988688875923,"tensor(0.1763, device='cuda:0')"
200,0.45383437260693577,1.4370605763532494,"tensor(0.1951, device='cuda:0')"
201,0.45383437260693577,1.435460913730338,"tensor(0.1728, device='cuda:0')"
202,0.4554753309265945,1.4339563472045875,"tensor(0.2139, device='cuda:0')"
203,0.4554753309265945,1.433571301799232,"tensor(0.1978, device='cuda:0')"
204,0.4567880975823214,1.4328542068533818,"tensor(0.1905, device='cuda:0')"
205,0.4552565364839733,1.4316709108366223,"tensor(0.1541, device='cuda:0')"
206,0.4564599059183897,1.4315633036586652,"tensor(0.1753, device='cuda:0')"
207,0.455201837873318,1.4322780978821805,"tensor(0.1862, device='cuda:0')"
208,0.4579367684060825,1.4291953003624311,"tensor(0.2026, device='cuda:0')"
209,0.45722568646756373,1.4297492971906463,"tensor(0.1620, device='cuda:0')"
210,0.4578273711847719,1.4302961712475093,"tensor(0.1878, device='cuda:0')"
211,0.4564052073077344,1.429484480241889,"tensor(0.1903, device='cuda:0')"
212,0.4573897822995296,1.4294170255851932,"tensor(0.1617, device='cuda:0')"
213,0.4577179739634613,1.4268469971544229,"tensor(0.2127, device='cuda:0')"
214,0.45870254895525653,1.428611564161532,"tensor(0.1562, device='cuda:0')"
215,0.45799146701673776,1.4272260937149788,"tensor(0.1787, device='cuda:0')"
216,0.4577179739634613,1.4253350202865902,"tensor(0.1926, device='cuda:0')"
217,0.45903074061918825,1.4247985872211921,"tensor(0.1638, device='cuda:0')"
218,0.45799146701673776,1.426511891742932,"tensor(0.2210, device='cuda:0')"
219,0.4595230281150859,1.4244920798457044,"tensor(0.2086, device='cuda:0')"
220,0.4595230281150859,1.4237876693890217,"tensor(0.1869, device='cuda:0')"
221,0.45864785034460126,1.423475268541521,"tensor(0.2037, device='cuda:0')"
222,0.4611092878240893,1.422113080408651,"tensor(0.1843, device='cuda:0')"
223,0.4624220544798162,1.4211652602321039,"tensor(0.1723, device='cuda:0')"
224,0.45903074061918825,1.42258034690362,"tensor(0.2319, device='cuda:0')"
225,0.4593042336724647,1.4196914383702852,"tensor(0.1639, device='cuda:0')"
226,0.4598512197790176,1.420510272556681,"tensor(0.2031, device='cuda:0')"
227,0.458976042008533,1.422175989580316,"tensor(0.2006, device='cuda:0')"
228,0.4608904933814681,1.4181659900180987,"tensor(0.1818, device='cuda:0')"
229,0.46105458921343395,1.4206174551664694,"tensor(0.1815, device='cuda:0')"
230,0.461437479488021,1.4164177727326301,"tensor(0.1914, device='cuda:0')"
231,0.46127338365605514,1.4180776623507947,"tensor(0.1948, device='cuda:0')"
232,0.46318783502899025,1.41495335456801,"tensor(0.2075, device='cuda:0')"
233,0.46067169893884696,1.4172227730076548,"tensor(0.1836, device='cuda:0')"
234,0.46203916420522917,1.4159497320880228,"tensor(0.1896, device='cuda:0')"
235,0.46192976698391863,1.415410618984964,"tensor(0.1976, device='cuda:0')"
236,0.4628596433650585,1.4150124810715106,"tensor(0.1911, device='cuda:0')"
237,0.461437479488021,1.4153424147873084,"tensor(0.1455, device='cuda:0')"
238,0.46269554753309267,1.4132233876887799,"tensor(0.1983, device='cuda:0')"
239,0.46318783502899025,1.412663904272901,"tensor(0.1740, device='cuda:0')"
240,0.4644459030740619,1.41135241769881,"tensor(0.1998, device='cuda:0')"
241,0.46417241002078546,1.4131623415518688,"tensor(0.2058, device='cuda:0')"
242,0.4630784378076797,1.412834065329023,"tensor(0.1917, device='cuda:0')"
243,0.4609998906027787,1.4126125253168866,"tensor(0.1790, device='cuda:0')"
244,0.46482879334864896,1.4096086551057811,"tensor(0.1750, device='cuda:0')"
245,0.4652663822338913,1.4087966186005756,"tensor(0.2048, device='cuda:0')"
246,0.463898916967509,1.41010730194323,"tensor(0.2139, device='cuda:0')"
247,0.463516026692922,1.409920142158848,"tensor(0.1999, device='cuda:0')"
248,0.46384421835685374,1.4085139009052965,"tensor(0.1987, device='cuda:0')"
249,0.4645553002953725,1.408936971661403,"tensor(0.2028, device='cuda:0')"
250,0.46537577945520187,1.4064792933629413,"tensor(0.1809, device='cuda:0')"
251,0.4651569850125807,1.4075918780050267,"tensor(0.1725, device='cuda:0')"
252,0.4660868613937206,1.4064450329313287,"tensor(0.1897, device='cuda:0')"
253,0.4655398752871677,1.4065797889719072,"tensor(0.1996, device='cuda:0')"
254,0.466360354446997,1.4038091528117038,"tensor(0.1939, device='cuda:0')"
255,0.46739962804944757,1.402963470231129,"tensor(0.2078, device='cuda:0')"
256,0.4671261349961711,1.40305276971301,"tensor(0.1869, device='cuda:0')"
257,0.4646099989060278,1.4048691712561927,"tensor(0.1920, device='cuda:0')"
258,0.4666885461109288,1.4030280549577596,"tensor(0.2001, device='cuda:0')"
259,0.46477409473799364,1.404359918508706,"tensor(0.1834, device='cuda:0')"
260,0.466360354446997,1.4028565976880805,"tensor(0.2267, device='cuda:0')"
261,0.46739962804944757,1.4015251828444995,"tensor(0.1985, device='cuda:0')"
262,0.4666885461109288,1.4020135104819234,"tensor(0.1830, device='cuda:0')"
263,0.4677278197133793,1.400393626658873,"tensor(0.1861, device='cuda:0')"
264,0.4651022864019254,1.4018828690332417,"tensor(0.1822, device='cuda:0')"
265,0.46641505305765235,1.3978924204987335,"tensor(0.2220, device='cuda:0')"
266,0.4665791488896182,1.4003252068907592,"tensor(0.1824, device='cuda:0')"
267,0.4664697516683076,1.399004379451803,"tensor(0.1761, device='cuda:0')"
268,0.46739962804944757,1.4003737442421191,"tensor(0.1969, device='cuda:0')"
269,0.4671808336068264,1.3979749461125914,"tensor(0.2159, device='cuda:0')"
270,0.4666338475002735,1.3995464683270222,"tensor(0.1921, device='cuda:0')"
271,0.46745432666010284,1.3967172373776988,"tensor(0.2088, device='cuda:0')"
272,0.4679466141560004,1.3954687501158056,"tensor(0.2110, device='cuda:0')"
273,0.4687670933158298,1.3951416271231836,"tensor(0.1746, device='cuda:0')"
274,0.4670714363855158,1.3962621786912335,"tensor(0.1914, device='cuda:0')"
275,0.469751668307625,1.3959715416441598,"tensor(0.2020, device='cuda:0')"
276,0.46898588775845096,1.3936334795848035,"tensor(0.1838, device='cuda:0')"
277,0.4684936002625533,1.3950281756123233,"tensor(0.2124, device='cuda:0')"
278,0.46947817525434854,1.3948953269986248,"tensor(0.1969, device='cuda:0')"
279,0.4695328738650038,1.39321536851417,"tensor(0.2055, device='cuda:0')"
280,0.46925938081172736,1.3930967329054689,"tensor(0.2015, device='cuda:0')"
281,0.46843890165189805,1.393363367570932,"tensor(0.1844, device='cuda:0')"
282,0.4679466141560004,1.3928392672092749,"tensor(0.1617, device='cuda:0')"
283,0.47002516136090144,1.3906795319706484,"tensor(0.2045, device='cuda:0')"
284,0.47150202384859424,1.3897966895292813,"tensor(0.1859, device='cuda:0')"
285,0.46942347664369327,1.3913909664379405,"tensor(0.1936, device='cuda:0')"
286,0.46822010720927687,1.3911515015400862,"tensor(0.1920, device='cuda:0')"
287,0.4696969696969697,1.389358761808489,"tensor(0.2598, device='cuda:0')"
288,0.4696422710863144,1.388443463702338,"tensor(0.1905, device='cuda:0')"
289,0.4711738321846625,1.3883569405540805,"tensor(0.1684, device='cuda:0')"
290,0.4687670933158298,1.3888920560705755,"tensor(0.2230, device='cuda:0')"
291,0.4684936002625533,1.3896644198128985,"tensor(0.2061, device='cuda:0')"
292,0.46980636691828026,1.3878717999556904,"tensor(0.1961, device='cuda:0')"
293,0.4706815446887649,1.3870410898062766,"tensor(0.2062, device='cuda:0')"
294,0.4696422710863144,1.3875628153326578,"tensor(0.2083, device='cuda:0')"
295,0.47035335302483317,1.3853713389938032,"tensor(0.2185, device='cuda:0')"
296,0.47040805163548843,1.3862389793490937,"tensor(0.2069, device='cuda:0')"
297,0.47183021551252596,1.385808330593687,"tensor(0.1939, device='cuda:0')"
298,0.47057214746745435,1.3851224086097105,"tensor(0.1833, device='cuda:0')"
299,0.46980636691828026,1.3854471897872869,"tensor(0.2132, device='cuda:0')"
300,0.4700798599715567,1.3841505918939947,"tensor(0.2171, device='cuda:0')"
301,0.4702986544141779,1.3863316047062513,"tensor(0.2053, device='cuda:0')"
302,0.47183021551252596,1.3828043299318078,"tensor(0.2159, device='cuda:0')"
303,0.46980636691828026,1.3838316282888508,"tensor(0.2382, device='cuda:0')"
304,0.4702439558035226,1.3849676600197396,"tensor(0.2152, device='cuda:0')"
305,0.47095503774204134,1.3843340268608204,"tensor(0.1971, device='cuda:0')"
306,0.470517448856799,1.3830148963121758,"tensor(0.1964, device='cuda:0')"
307,0.47204900995514715,1.3820304295881325,"tensor(0.1760, device='cuda:0')"
308,0.47363526966415054,1.380307401938898,"tensor(0.1424, device='cuda:0')"
309,0.4706815446887649,1.3813202152261588,"tensor(0.2094, device='cuda:0')"
310,0.4716661196805601,1.3805296406836156,"tensor(0.2143, device='cuda:0')"
311,0.47106443496335193,1.379612744239237,"tensor(0.1984, device='cuda:0')"
312,0.47297888633628704,1.3795398571809185,"tensor(0.1931, device='cuda:0')"
313,0.4706815446887649,1.3804544987035337,"tensor(0.2110, device='cuda:0')"
314,0.47040805163548843,1.379695335997884,"tensor(0.1752, device='cuda:0')"
315,0.4731429821682529,1.3773129632157135,"tensor(0.1690, device='cuda:0')"
316,0.47237720161907887,1.3773283438875044,"tensor(0.2036, device='cuda:0')"
317,0.47084564052073075,1.3799405802053926,"tensor(0.2252, device='cuda:0')"
318,0.4717208182912154,1.3784168317299443,"tensor(0.2122, device='cuda:0')"
319,0.4717208182912154,1.376431884148517,"tensor(0.2209, device='cuda:0')"
320,0.47204900995514715,1.3768407365397073,"tensor(0.1924, device='cuda:0')"
321,0.4731976807789082,1.376341442703979,"tensor(0.2062, device='cuda:0')"
322,0.47215840717645774,1.3760831066143486,"tensor(0.2057, device='cuda:0')"
323,0.4715567224592495,1.377380605795597,"tensor(0.2138, device='cuda:0')"
324,0.4715567224592495,1.3759862349495273,"tensor(0.2131, device='cuda:0')"
325,0.47237720161907887,1.3771680982638965,"tensor(0.2067, device='cuda:0')"
326,0.4727600918936659,1.3768855306333037,"tensor(0.2655, device='cuda:0')"
327,0.4735805710534952,1.373789106152431,"tensor(0.2000, device='cuda:0')"
328,0.4727600918936659,1.3744856098550844,"tensor(0.2275, device='cuda:0')"
329,0.4726506946723553,1.3734417422544694,"tensor(0.1421, device='cuda:0')"
330,0.47352587244283995,1.3740359710246413,"tensor(0.1753, device='cuda:0')"
331,0.4716661196805601,1.3737381440963803,"tensor(0.1770, device='cuda:0')"
332,0.4740181599387376,1.3733303634542147,"tensor(0.1725, device='cuda:0')"
333,0.47385406410677167,1.3732235931147763,"tensor(0.2264, device='cuda:0')"
334,0.4713379280166284,1.3723700680470339,"tensor(0.1937, device='cuda:0')"
335,0.47352587244283995,1.3717632236189634,"tensor(0.1819, device='cuda:0')"
336,0.47363526966415054,1.372564426228484,"tensor(0.2159, device='cuda:0')"
337,0.4734711738321847,1.3719794924182764,"tensor(0.2018, device='cuda:0')"
338,0.47505743354118807,1.3685866455947815,"tensor(0.1874, device='cuda:0')"
339,0.4718849141231813,1.3716340047005633,"tensor(0.1911, device='cuda:0')"
340,0.4753309265944645,1.3708745250033154,"tensor(0.1859, device='cuda:0')"
341,0.47363526966415054,1.370400602571579,"tensor(0.2049, device='cuda:0')"
342,0.47204900995514715,1.370242235540835,"tensor(0.2122, device='cuda:0')"
343,0.47248659884038946,1.370068996639354,"tensor(0.1983, device='cuda:0')"
344,0.4743463516026693,1.3684919680929357,"tensor(0.1797, device='cuda:0')"
345,0.4724319002297342,1.371961462251233,"tensor(0.1835, device='cuda:0')"
346,0.47374466688546113,1.3703408247531732,"tensor(0.2078, device='cuda:0')"
347,0.4743463516026693,1.367888585311711,"tensor(0.2350, device='cuda:0')"
348,0.4728694891149765,1.3699521257089402,"tensor(0.1642, device='cuda:0')"
349,0.47237720161907887,1.368000346113772,"tensor(0.2178, device='cuda:0')"
350,0.47396346132808226,1.3688015031313794,"tensor(0.2432, device='cuda:0')"
351,0.4731429821682529,1.3671356682286535,"tensor(0.2275, device='cuda:0')"
352,0.4741275571600481,1.3671363990033771,"tensor(0.1759, device='cuda:0')"
353,0.47598730992232796,1.3656905427723454,"tensor(0.2017, device='cuda:0')"
354,0.47451044743463516,1.3638114583738756,"tensor(0.1960, device='cuda:0')"
355,0.473908762717427,1.3657510722574213,"tensor(0.2083, device='cuda:0')"
356,0.47500273493053274,1.364927251468588,"tensor(0.1893, device='cuda:0')"
357,0.475604419647741,1.3634934549245072,"tensor(0.1695, device='cuda:0')"
358,0.47440105021332457,1.363909626500036,"tensor(0.1962, device='cuda:0')"
359,0.473908762717427,1.364961352002476,"tensor(0.2022, device='cuda:0')"
360,0.4753856252051198,1.3643591931997954,"tensor(0.2115, device='cuda:0')"
361,0.4731976807789082,1.3644495862355288,"tensor(0.2199, device='cuda:0')"
362,0.4742369543813587,1.364709543368055,"tensor(0.2135, device='cuda:0')"
363,0.4761514057542938,1.362008501319835,"tensor(0.1886, device='cuda:0')"
364,0.4758232140903621,1.362481059384886,"tensor(0.2037, device='cuda:0')"
365,0.4747839404879116,1.3637552331253184,"tensor(0.2094, device='cuda:0')"
366,0.47598730992232796,1.3624542457193296,"tensor(0.2001, device='cuda:0')"
367,0.4743463516026693,1.3601274333079996,"tensor(0.2196, device='cuda:0')"
368,0.4732523793895635,1.3606781251137607,"tensor(0.2139, device='cuda:0')"
369,0.47385406410677167,1.3594439499827602,"tensor(0.1850, device='cuda:0')"
370,0.47587791270101737,1.3596008389409007,"tensor(0.2259, device='cuda:0')"
371,0.474291652992014,1.3621950788292396,"tensor(0.1701, device='cuda:0')"
372,0.473908762717427,1.3606227650030505,"tensor(0.2009, device='cuda:0')"
373,0.47565911825839624,1.3597779261988945,"tensor(0.1881, device='cuda:0')"
374,0.47456514604529043,1.360426438349027,"tensor(0.1891, device='cuda:0')"
375,0.47363526966415054,1.3614088860659823,"tensor(0.2002, device='cuda:0')"
376,0.47576851547970683,1.3582175086147348,"tensor(0.1762, device='cuda:0')"
377,0.4758232140903621,1.357857308611021,"tensor(0.1819, device='cuda:0')"
378,0.47522152937315393,1.3569869878268348,"tensor(0.2087, device='cuda:0')"
379,0.47505743354118807,1.3582055807087565,"tensor(0.2228, device='cuda:0')"
380,0.47505743354118807,1.3597434916546876,"tensor(0.2677, device='cuda:0')"
381,0.4768624876928126,1.3570380080464814,"tensor(0.1893, device='cuda:0')"
382,0.47516683076249866,1.3589981314051192,"tensor(0.1995, device='cuda:0')"
383,0.47554972103708565,1.3571835994824788,"tensor(0.1957, device='cuda:0')"
384,0.4764795974182256,1.3585322670440498,"tensor(0.2240, device='cuda:0')"
385,0.47713598074608904,1.3573601628768732,"tensor(0.2108, device='cuda:0')"
386,0.474291652992014,1.3556305228744447,"tensor(0.1915, device='cuda:0')"
387,0.4753309265944645,1.3577480067988739,"tensor(0.1822, device='cuda:0')"
388,0.4758232140903621,1.3572431532667106,"tensor(0.2099, device='cuda:0')"
389,0.4747839404879116,1.3572600927098342,"tensor(0.2059, device='cuda:0')"
390,0.47620610436494915,1.356617083383616,"tensor(0.1779, device='cuda:0')"
391,0.47702658352477845,1.3541672550709918,"tensor(0.1990, device='cuda:0')"
392,0.47664369325019146,1.3545583675914723,"tensor(0.2195, device='cuda:0')"
393,0.475604419647741,1.3548512900114293,"tensor(0.1723, device='cuda:0')"
394,0.4758232140903621,1.357928732985311,"tensor(0.2198, device='cuda:0')"
395,0.47576851547970683,1.3556033029505152,"tensor(0.2007, device='cuda:0')"
396,0.4749480363198775,1.3554294740145636,"tensor(0.2014, device='cuda:0')"
397,0.47500273493053274,1.3535773265206597,"tensor(0.2138, device='cuda:0')"
398,0.4754950224264304,1.3527644381795954,"tensor(0.1686, device='cuda:0')"
399,0.476370200196915,1.3527167890880682,"tensor(0.2156, device='cuda:0')"
400,0.47702658352477845,1.3535178293872487,"tensor(0.2052, device='cuda:0')"
401,0.4777376654632972,1.351216408724128,"tensor(0.2139, device='cuda:0')"
402,0.4768624876928126,1.352251713691401,"tensor(0.1863, device='cuda:0')"
403,0.4776282682419867,1.351960617334495,"tensor(0.1971, device='cuda:0')"
404,0.47396346132808226,1.352879551891268,"tensor(0.1936, device='cuda:0')"
405,0.4761514057542938,1.3523100918667699,"tensor(0.2400, device='cuda:0')"
406,0.47511213215184334,1.3504080457586178,"tensor(0.2168, device='cuda:0')"
407,0.4748386390985669,1.3516298752360005,"tensor(0.2162, device='cuda:0')"
408,0.4747292418772563,1.352035377730088,"tensor(0.1558, device='cuda:0')"
409,0.47565911825839624,1.3529132887331456,"tensor(0.2275, device='cuda:0')"
410,0.47801115851657366,1.3480108425244501,"tensor(0.2084, device='cuda:0')"
411,0.4769718849141232,1.3498003477080491,"tensor(0.2289, device='cuda:0')"
412,0.47511213215184334,1.3495778665019913,"tensor(0.1836, device='cuda:0')"
413,0.4768624876928126,1.3512901465228475,"tensor(0.1793, device='cuda:0')"
414,0.47746417241002076,1.34921819330918,"tensor(0.2145, device='cuda:0')"
415,0.4766983918608467,1.3488458402307324,"tensor(0.2190, device='cuda:0')"
416,0.4764248988075703,1.3496994513832052,"tensor(0.1914, device='cuda:0')"
417,0.47708128213543377,1.3507770840989437,"tensor(0.2636, device='cuda:0')"
418,0.47801115851657366,1.349790044757316,"tensor(0.1960, device='cuda:0')"
419,0.4774094737993655,1.3486841941555354,"tensor(0.1887, device='cuda:0')"
420,0.47812055573788426,1.3468737866578302,"tensor(0.2192, device='cuda:0')"
421,0.47587791270101737,1.3473870602573195,"tensor(0.1952, device='cuda:0')"
422,0.4752762279838092,1.3479687553202737,"tensor(0.1936, device='cuda:0')"
423,0.4777376654632972,1.347487805865419,"tensor(0.2036, device='cuda:0')"
424,0.47768296685264194,1.3465565057542102,"tensor(0.2036, device='cuda:0')"
425,0.47746417241002076,1.3468360778161543,"tensor(0.2222, device='cuda:0')"
426,0.4744557488239799,1.348396449104178,"tensor(0.1789, device='cuda:0')"
427,0.47713598074608904,1.3440640163609423,"tensor(0.1965, device='cuda:0')"
428,0.4758232140903621,1.346492945815369,"tensor(0.1977, device='cuda:0')"
429,0.47620610436494915,1.347228681176539,"tensor(0.1829, device='cuda:0')"
430,0.4762608029756044,1.3465066617563612,"tensor(0.1937, device='cuda:0')"
431,0.47959741822557705,1.3460314964363918,"tensor(0.1840, device='cuda:0')"
432,0.4773547751887102,1.3445269470858556,"tensor(0.2070, device='cuda:0')"
433,0.47746417241002076,1.345518133270181,"tensor(0.2277, device='cuda:0')"
434,0.47746417241002076,1.3436239587701184,"tensor(0.2154, device='cuda:0')"
435,0.4764248988075703,1.343868075490663,"tensor(0.2154, device='cuda:0')"
436,0.47719067935674436,1.3455861643724532,"tensor(0.1942, device='cuda:0')"
437,0.47554972103708565,1.3436926388920507,"tensor(0.1962, device='cuda:0')"
438,0.47598730992232796,1.3439293392715772,"tensor(0.1922, device='cuda:0')"
439,0.47757356963133135,1.3451605822922377,"tensor(0.1889, device='cuda:0')"
440,0.4762608029756044,1.3436595330730254,"tensor(0.2004, device='cuda:0')"
441,0.4768624876928126,1.342597964816484,"tensor(0.2130, device='cuda:0')"
442,0.4763155015862597,1.3445262068041226,"tensor(0.1949, device='cuda:0')"
443,0.47861284323378184,1.341778536200745,"tensor(0.2035, device='cuda:0')"
444,0.47746417241002076,1.34248587051271,"tensor(0.2069, device='cuda:0')"
445,0.47959741822557705,1.343092568162468,"tensor(0.2304, device='cuda:0')"
446,0.4759326113116727,1.3411126256628092,"tensor(0.2061, device='cuda:0')"
447,0.4783940487911607,1.340354364388569,"tensor(0.2345, device='cuda:0')"
448,0.47757356963133135,1.3414227841993531,"tensor(0.2216, device='cuda:0')"
449,0.4764795974182256,1.3411901867398808,"tensor(0.2052, device='cuda:0')"
450,0.47713598074608904,1.3420173835994351,"tensor(0.2193, device='cuda:0')"
451,0.4791051307296795,1.3392637414596311,"tensor(0.2524, device='cuda:0')"
452,0.4778470626846078,1.3414612099921177,"tensor(0.2271, device='cuda:0')"
453,0.4773547751887102,1.3409248226099209,"tensor(0.2110, device='cuda:0')"
454,0.4769718849141232,1.3415370197059315,"tensor(0.2070, device='cuda:0')"
455,0.478448747401816,1.339930936682734,"tensor(0.2175, device='cuda:0')"
456,0.47833935018050544,1.341623898708459,"tensor(0.1978, device='cuda:0')"
457,0.4779564599059184,1.3416946767365276,"tensor(0.2052, device='cuda:0')"
458,0.4777376654632972,1.3382356761647136,"tensor(0.2149, device='cuda:0')"
459,0.4759326113116727,1.3401979265764914,"tensor(0.2145, device='cuda:0')"
460,0.4789957335083689,1.3372200957117686,"tensor(0.1847, device='cuda:0')"
461,0.4778470626846078,1.338244486397615,"tensor(0.1819, device='cuda:0')"
462,0.4777376654632972,1.3397636459348707,"tensor(0.2057, device='cuda:0')"
463,0.4793786237829559,1.3383861272734894,"tensor(0.1901, device='cuda:0')"
464,0.47872224045509243,1.3376802969730053,"tensor(0.1935, device='cuda:0')"
465,0.4773547751887102,1.3403396522199387,"tensor(0.2196, device='cuda:0')"
466,0.47702658352477845,1.3393667378032799,"tensor(0.2092, device='cuda:0')"
467,0.478831637676403,1.3364467591246165,"tensor(0.2235, device='cuda:0')"
468,0.4785034460124713,1.335192185785744,"tensor(0.1922, device='cuda:0')"
469,0.4797615140575429,1.3362177818012686,"tensor(0.2174, device='cuda:0')"
470,0.47905043211902415,1.3361665071745745,"tensor(0.2254, device='cuda:0')"
471,0.47905043211902415,1.3371842370201756,"tensor(0.2081, device='cuda:0')"
472,0.47877693906574775,1.3369726903745558,"tensor(0.2444, device='cuda:0')"
473,0.47801115851657366,1.335383984586392,"tensor(0.1824, device='cuda:0')"
474,0.4789410348977136,1.3365718921677652,"tensor(0.1959, device='cuda:0')"
475,0.4794333223936112,1.3353039365721902,"tensor(0.2178, device='cuda:0')"
476,0.4778470626846078,1.3355805837355588,"tensor(0.2134, device='cuda:0')"
477,0.47768296685264194,1.3349941696096674,"tensor(0.1896, device='cuda:0')"
478,0.47719067935674436,1.3349639256873493,"tensor(0.2491, device='cuda:0')"
479,0.47855814462312657,1.336255917962799,"tensor(0.2081, device='cuda:0')"
480,0.47702658352477845,1.3342199991704233,"tensor(0.2052, device='cuda:0')"
481,0.47675309047150205,1.3351343552741006,"tensor(0.2092, device='cuda:0')"
482,0.47855814462312657,1.3327049846631434,"tensor(0.1576, device='cuda:0')"
483,0.47790176129526313,1.3331921120830261,"tensor(0.2154, device='cuda:0')"
484,0.47713598074608904,1.3334618756630503,"tensor(0.1926, device='cuda:0')"
485,0.4777376654632972,1.3327611929190628,"tensor(0.2108, device='cuda:0')"
486,0.478831637676403,1.3329990472721591,"tensor(0.2100, device='cuda:0')"
487,0.47812055573788426,1.3337457629812974,"tensor(0.2229, device='cuda:0')"
488,0.47855814462312657,1.3344419842775221,"tensor(0.2432, device='cuda:0')"
489,0.47822995295919485,1.3338827465311103,"tensor(0.1852, device='cuda:0')"
490,0.47905043211902415,1.3320958471287785,"tensor(0.1802, device='cuda:0')"
491,0.47905043211902415,1.3307425206631647,"tensor(0.2146, device='cuda:0')"
492,0.4783940487911607,1.3330287542897128,"tensor(0.1805, device='cuda:0')"
493,0.478065857127229,1.3343532206049478,"tensor(0.1872, device='cuda:0')"
494,0.4793786237829559,1.3309942358185147,"tensor(0.1867, device='cuda:0')"
495,0.47746417241002076,1.3329692599862348,"tensor(0.1733, device='cuda:0')"
496,0.47915982934033474,1.3322338235285673,"tensor(0.2153, device='cuda:0')"
497,0.4773547751887102,1.3305405011102467,"tensor(0.2109, device='cuda:0')"
498,0.4768077890821573,1.334867890848006,"tensor(0.2292, device='cuda:0')"
499,0.4783940487911607,1.3319282666062282,"tensor(0.1603, device='cuda:0')"
500,0.4798709112788535,1.3278906638272,"tensor(0.2114, device='cuda:0')"
501,0.478831637676403,1.3281623151158624,"tensor(0.1793, device='cuda:0')"
502,0.4788863362870583,1.3308087784669393,"tensor(0.1942, device='cuda:0')"
503,0.48074608904933813,1.3293459086798431,"tensor(0.2259, device='cuda:0')"
504,0.47921452795099007,1.3297572335846353,"tensor(0.1932, device='cuda:0')"
505,0.47921452795099007,1.331620544876576,"tensor(0.1932, device='cuda:0')"
506,0.4793786237829559,1.328779063982745,"tensor(0.1843, device='cuda:0')"
507,0.47915982934033474,1.3291317602435526,"tensor(0.2146, device='cuda:0')"
508,0.4789957335083689,1.3287894061352201,"tensor(0.2229, device='cuda:0')"
509,0.4778470626846078,1.3275136224108,"tensor(0.1850, device='cuda:0')"
510,0.4788863362870583,1.3277149339719096,"tensor(0.2103, device='cuda:0')"
511,0.4793239251723006,1.3296183146346439,"tensor(0.1702, device='cuda:0')"
512,0.4789410348977136,1.3288393609829718,"tensor(0.1907, device='cuda:0')"
513,0.47790176129526313,1.3291632144381502,"tensor(0.2362, device='cuda:0')"
514,0.4798709112788535,1.3285793797634138,"tensor(0.2006, device='cuda:0')"
515,0.4796521168362324,1.3259466577444774,"tensor(0.1985, device='cuda:0')"
516,0.478831637676403,1.3298472843549924,"tensor(0.2065, device='cuda:0')"
517,0.48058199321737227,1.3261142642059052,"tensor(0.2123, device='cuda:0')"
518,0.4804725959960617,1.3241765315364975,"tensor(0.2175, device='cuda:0')"
519,0.47812055573788426,1.3264598598262176,"tensor(0.2228, device='cuda:0')"
520,0.4793786237829559,1.3247413364780143,"tensor(0.1624, device='cuda:0')"
521,0.4782846515698501,1.3261294365190022,"tensor(0.1906, device='cuda:0')"
522,0.4801991029427852,1.3266108886716454,"tensor(0.2174, device='cuda:0')"
523,0.48074608904933813,1.32528981878439,"tensor(0.2010, device='cuda:0')"
524,0.47664369325019146,1.3275450909637203,"tensor(0.2157, device='cuda:0')"
525,0.478831637676403,1.3256535897459951,"tensor(0.2219, device='cuda:0')"
526,0.4794333223936112,1.3248256462406192,"tensor(0.2182, device='cuda:0')"
527,0.4794880210042665,1.3249791779464397,"tensor(0.1858, device='cuda:0')"
528,0.4789410348977136,1.322716431145125,"tensor(0.2287, device='cuda:0')"
529,0.47970681544688765,1.324858988926325,"tensor(0.1838, device='cuda:0')"
530,0.4791051307296795,1.3254558587932388,"tensor(0.2181, device='cuda:0')"
531,0.47861284323378184,1.3259760316385116,"tensor(0.1864, device='cuda:0')"
532,0.4789957335083689,1.3231196751050467,"tensor(0.2300, device='cuda:0')"
533,0.47992560988950883,1.3238380292536276,"tensor(0.2241, device='cuda:0')"
534,0.4783940487911607,1.3253461394812343,"tensor(0.2037, device='cuda:0')"
535,0.47959741822557705,1.323131621125203,"tensor(0.2074, device='cuda:0')"
536,0.48118367793458044,1.3224337101895547,"tensor(0.2206, device='cuda:0')"
537,0.4815665682091675,1.3222114652763661,"tensor(0.1948, device='cuda:0')"
538,0.4825511432009627,1.3210587344640663,"tensor(0.1690, device='cuda:0')"
539,0.4779564599059184,1.322437245114707,"tensor(0.1734, device='cuda:0')"
540,0.4789957335083689,1.320292246470813,"tensor(0.2003, device='cuda:0')"
541,0.4793239251723006,1.322464705543802,"tensor(0.1913, device='cuda:0')"
542,0.47981621266819824,1.3217128290935491,"tensor(0.1997, device='cuda:0')"
543,0.48014440433212996,1.3207197095173844,"tensor(0.1985, device='cuda:0')"
544,0.4810195821026146,1.31945226817407,"tensor(0.1929, device='cuda:0')"
545,0.47905043211902415,1.3248306473578735,"tensor(0.2056, device='cuda:0')"
546,0.48123837654523577,1.3204339275134755,"tensor(0.1768, device='cuda:0')"
547,0.4801991029427852,1.3214345592049745,"tensor(0.2111, device='cuda:0')"
548,0.4817853626517886,1.3201575443815343,"tensor(0.2126, device='cuda:0')"
549,0.4809648834919593,1.319870037670509,"tensor(0.1722, device='cuda:0')"
550,0.4798709112788535,1.3204757990298237,"tensor(0.1845, device='cuda:0')"
551,0.48014440433212996,1.3200448783791674,"tensor(0.1913, device='cuda:0')"
552,0.48074608904933813,1.3194712973856428,"tensor(0.1895, device='cuda:0')"
553,0.480527294606717,1.3176190480011165,"tensor(0.1824, device='cuda:0')"
554,0.47915982934033474,1.3201585394745907,"tensor(0.1958, device='cuda:0')"
555,0.48080078765999346,1.3195818081920354,"tensor(0.2225, device='cuda:0')"
556,0.4791051307296795,1.3211098434157997,"tensor(0.2202, device='cuda:0')"
557,0.48069139043868286,1.3194532421013156,"tensor(0.2053, device='cuda:0')"
558,0.4793239251723006,1.3213905573882363,"tensor(0.2140, device='cuda:0')"
559,0.4810195821026146,1.3197801825437097,"tensor(0.1957, device='cuda:0')"
560,0.48129307515589104,1.3152404221934415,"tensor(0.2011, device='cuda:0')"
561,0.4813477737665463,1.3175089797857826,"tensor(0.2360, device='cuda:0')"
562,0.48173066404113335,1.316994817535226,"tensor(0.2099, device='cuda:0')"
563,0.47833935018050544,1.3203296284878518,"tensor(0.1989, device='cuda:0')"
564,0.480527294606717,1.3196084101212362,"tensor(0.1915, device='cuda:0')"
565,0.48173066404113335,1.3161435944026467,"tensor(0.2177, device='cuda:0')"
566,0.47981621266819824,1.317500230220381,"tensor(0.1990, device='cuda:0')"
567,0.48140247237720163,1.3138772535605785,"tensor(0.1850, device='cuda:0')"
568,0.4795427196149218,1.317428976033295,"tensor(0.2116, device='cuda:0')"
569,0.4799803085001641,1.3143318662783234,"tensor(0.2331, device='cuda:0')"
570,0.4815665682091675,1.314765516470903,"tensor(0.2043, device='cuda:0')"
571,0.4794880210042665,1.3145724535770873,"tensor(0.1751, device='cuda:0')"
572,0.48173066404113335,1.3159827597748202,"tensor(0.2026, device='cuda:0')"
573,0.4785034460124713,1.3158233231859673,"tensor(0.2138, device='cuda:0')"
574,0.47926922656164533,1.3158600252105792,"tensor(0.2167, device='cuda:0')"
575,0.4813477737665463,1.3165943020869757,"tensor(0.1847, device='cuda:0')"
576,0.48140247237720163,1.313226164815306,"tensor(0.2294, device='cuda:0')"
577,0.4834810195821026,1.3140499480455843,"tensor(0.1981, device='cuda:0')"
578,0.4804178973854064,1.3120383402670308,"tensor(0.2108, device='cuda:0')"
579,0.48014440433212996,1.3159355601861693,"tensor(0.2660, device='cuda:0')"
580,0.4801991029427852,1.3150309305876484,"tensor(0.1960, device='cuda:0')"
581,0.4825511432009627,1.3137340826039345,"tensor(0.2169, device='cuda:0')"
582,0.4810195821026146,1.3125843732861198,"tensor(0.1938, device='cuda:0')"
583,0.48080078765999346,1.3121924185411191,"tensor(0.2056, device='cuda:0')"
584,0.4804178973854064,1.313182437932409,"tensor(0.1936, device='cuda:0')"
585,0.48173066404113335,1.3126638629297995,"tensor(0.2053, device='cuda:0')"
586,0.48227765014768625,1.3102946226529801,"tensor(0.1917, device='cuda:0')"
587,0.4824964445903074,1.3125076888622438,"tensor(0.1922, device='cuda:0')"
588,0.4798709112788535,1.3135080577090616,"tensor(0.2495, device='cuda:0')"
589,0.47959741822557705,1.3146125096589336,"tensor(0.1799, device='cuda:0')"
590,0.4840827042993108,1.3108483560757438,"tensor(0.1834, device='cuda:0')"
591,0.4826605404222733,1.3106303549923974,"tensor(0.2247, device='cuda:0')"
592,0.4824417459796521,1.3104969819021648,"tensor(0.1917, device='cuda:0')"
593,0.4804178973854064,1.311787327326253,"tensor(0.1992, device='cuda:0')"
594,0.48074608904933813,1.310968189515453,"tensor(0.2440, device='cuda:0')"
595,0.48375451263537905,1.3098365026964764,"tensor(0.1667, device='cuda:0')"
596,0.48074608904933813,1.3103760513483649,"tensor(0.2187, device='cuda:0')"
597,0.4810195821026146,1.3119513705762416,"tensor(0.2457, device='cuda:0')"
598,0.4830434306968603,1.311107394497317,"tensor(0.2410, device='cuda:0')"
599,0.4820041570944098,1.3095754695504647,"tensor(0.2074, device='cuda:0')"
600,0.4815118695985122,1.3099172286295602,"tensor(0.2215, device='cuda:0')"
601,0.48140247237720163,1.3131595425892157,"tensor(0.1937, device='cuda:0')"
602,0.4815665682091675,1.3107098730788582,"tensor(0.2149, device='cuda:0')"
603,0.4814571709878569,1.3093670855829822,"tensor(0.2828, device='cuda:0')"
604,0.4800897057214747,1.3102927032412697,"tensor(0.1985, device='cuda:0')"
605,0.482222951537031,1.3093846557359703,"tensor(0.2068, device='cuda:0')"
606,0.48194945848375453,1.307867498578317,"tensor(0.1956, device='cuda:0')"
607,0.4810742807132699,1.3083102346940265,"tensor(0.1916, device='cuda:0')"
608,0.48194945848375453,1.3101513234103956,"tensor(0.1649, device='cuda:0')"
609,0.4830434306968603,1.3071136527295681,"tensor(0.2225, device='cuda:0')"
610,0.48118367793458044,1.3088197458652395,"tensor(0.1765, device='cuda:0')"
611,0.4823323487583415,1.3078672515395278,"tensor(0.1847, device='cuda:0')"
612,0.4817853626517886,1.3084076324524863,"tensor(0.2004, device='cuda:0')"
613,0.4830981293075156,1.3064293316529285,"tensor(0.1983, device='cuda:0')"
614,0.47981621266819824,1.3067896806910764,"tensor(0.2155, device='cuda:0')"
615,0.4816759654304781,1.3072965118115873,"tensor(0.2602, device='cuda:0')"
616,0.48129307515589104,1.3064650320899838,"tensor(0.2110, device='cuda:0')"
617,0.4811289793239252,1.3071488613190843,"tensor(0.2139, device='cuda:0')"
618,0.4818947598730992,1.307502957953234,"tensor(0.2151, device='cuda:0')"
619,0.4820041570944098,1.306283559727207,"tensor(0.2372, device='cuda:0')"
620,0.4813477737665463,1.307783902923827,"tensor(0.1859, device='cuda:0')"
621,0.48227765014768625,1.306660326770536,"tensor(0.2807, device='cuda:0')"
622,0.48238704736899685,1.3067569390987492,"tensor(0.2388, device='cuda:0')"
623,0.4840280056886555,1.3036466252424304,"tensor(0.2205, device='cuda:0')"
624,0.482222951537031,1.3053361389102567,"tensor(0.2159, device='cuda:0')"
625,0.4823323487583415,1.305883657422372,"tensor(0.1960, device='cuda:0')"
626,0.4823323487583415,1.302698438856928,"tensor(0.1871, device='cuda:0')"
627,0.48342632097144733,1.304862343290809,"tensor(0.1975, device='cuda:0')"
628,0.4836998140247238,1.3034006736430073,"tensor(0.2185, device='cuda:0')"
629,0.4828793348648944,1.3058095264846916,"tensor(0.2144, device='cuda:0')"
630,0.48216825292637566,1.3038071300591934,"tensor(0.2199, device='cuda:0')"
631,0.483371622360792,1.3026287473144005,"tensor(0.2235, device='cuda:0')"
632,0.4811289793239252,1.3039673898063828,"tensor(0.1952, device='cuda:0')"
633,0.4815665682091675,1.3027598520765522,"tensor(0.1737, device='cuda:0')"
634,0.48430149874193196,1.3023658056590923,"tensor(0.2150, device='cuda:0')"
635,0.4811289793239252,1.304349907573132,"tensor(0.2131, device='cuda:0')"
636,0.48271523903292857,1.302463004683238,"tensor(0.2005, device='cuda:0')"
637,0.482222951537031,1.302188791770693,"tensor(0.1852, device='cuda:0')"
638,0.4817853626517886,1.303485766344996,"tensor(0.2446, device='cuda:0')"
639,0.48276993764358384,1.3028971797305455,"tensor(0.1665, device='cuda:0')"
640,0.48118367793458044,1.303411471401624,"tensor(0.2204, device='cuda:0')"
641,0.4844655945738978,1.3022201483391291,"tensor(0.1955, device='cuda:0')"
642,0.48397330707800024,1.2996666163039825,"tensor(0.2294, device='cuda:0')"
643,0.4816759654304781,1.3004880443389795,"tensor(0.1936, device='cuda:0')"
644,0.482988732086205,1.3023504634196148,"tensor(0.2234, device='cuda:0')"
645,0.48386390985668964,1.3004565602149083,"tensor(0.2185, device='cuda:0')"
646,0.48238704736899685,1.3015665595242731,"tensor(0.2052, device='cuda:0')"
647,0.48238704736899685,1.303073206480999,"tensor(0.1881, device='cuda:0')"
648,0.4830981293075156,1.298760835301001,"tensor(0.2201, device='cuda:0')"
649,0.4816759654304781,1.30074180573137,"tensor(0.2071, device='cuda:0')"
650,0.4830434306968603,1.2995482569854038,"tensor(0.1937, device='cuda:0')"
651,0.48140247237720163,1.3021864863404977,"tensor(0.2015, device='cuda:0')"
652,0.48216825292637566,1.2985914735118014,"tensor(0.2153, device='cuda:0')"
653,0.4826605404222733,1.2985780083132892,"tensor(0.1985, device='cuda:0')"
654,0.48271523903292857,1.2988110198558336,"tensor(0.2120, device='cuda:0')"
655,0.4839186084673449,1.2990346160032546,"tensor(0.2134, device='cuda:0')"
656,0.48271523903292857,1.2985741414513634,"tensor(0.2105, device='cuda:0')"
657,0.48140247237720163,1.2995937459774787,"tensor(0.2068, device='cuda:0')"
658,0.484684389016519,1.2965822567134857,"tensor(0.1964, device='cuda:0')"
659,0.4824964445903074,1.2981346363625372,"tensor(0.2207, device='cuda:0')"
660,0.4851219779017613,1.2984499379433345,"tensor(0.1920, device='cuda:0')"
661,0.48326222513948147,1.2991049538267974,"tensor(0.2633, device='cuda:0')"
662,0.48205885570506507,1.29758522551217,"tensor(0.2693, device='cuda:0')"
663,0.482988732086205,1.2988595438660815,"tensor(0.2114, device='cuda:0')"
664,0.48205885570506507,1.2964793639297285,"tensor(0.2147, device='cuda:0')"
665,0.48419210152062137,1.297343942884569,"tensor(0.2204, device='cuda:0')"
666,0.48184006126244394,1.2972245436113259,"tensor(0.2113, device='cuda:0')"
667,0.4834810195821026,1.2979513302685044,"tensor(0.2061, device='cuda:0')"
668,0.4845202931845531,1.2964417881601007,"tensor(0.2017, device='cuda:0')"
669,0.4831528279181709,1.2973953884939777,"tensor(0.2162, device='cuda:0')"
670,0.4845202931845531,1.2969007384345406,"tensor(0.2175, device='cuda:0')"
671,0.48736462093862815,1.2942449103402252,"tensor(0.2165, device='cuda:0')"
672,0.4840280056886555,1.2955049182194718,"tensor(0.2043, device='cuda:0')"
673,0.4845749917952084,1.2947827486041963,"tensor(0.2501, device='cuda:0')"
674,0.48566896400831416,1.293632603907087,"tensor(0.1977, device='cuda:0')"
675,0.4839186084673449,1.2970981039086469,"tensor(0.2036, device='cuda:0')"
676,0.4860518542829012,1.2922979359970534,"tensor(0.2246, device='cuda:0')"
677,0.48545016956569303,1.295679827342082,"tensor(0.2215, device='cuda:0')"
678,0.4843561973525872,1.2931552873034926,"tensor(0.2107, device='cuda:0')"
679,0.48441089596324255,1.2947394792575333,"tensor(0.2298, device='cuda:0')"
680,0.4843561973525872,1.2922383563000268,"tensor(0.1897, device='cuda:0')"
681,0.4862706487255224,1.2912477024169344,"tensor(0.2284, device='cuda:0')"
682,0.4831528279181709,1.2956442862028574,"tensor(0.1730, device='cuda:0')"
683,0.4845749917952084,1.2924666044918378,"tensor(0.2089, device='cuda:0')"
684,0.48523137512307185,1.291910260645152,"tensor(0.2035, device='cuda:0')"
685,0.4850125806804507,1.2942513916166694,"tensor(0.2489, device='cuda:0')"
686,0.4840827042993108,1.2919699149637252,"tensor(0.2120, device='cuda:0')"
687,0.4841374029099661,1.292304137879578,"tensor(0.1762, device='cuda:0')"
688,0.4836998140247238,1.2912812901982957,"tensor(0.2264, device='cuda:0')"
689,0.485067279291106,1.2907143370899927,"tensor(0.2043, device='cuda:0')"
690,0.4862706487255224,1.2943268983190137,"tensor(0.2207, device='cuda:0')"
691,0.4861612515042118,1.290430138231354,"tensor(0.2501, device='cuda:0')"
692,0.48687233344273056,1.292176220925889,"tensor(0.2941, device='cuda:0')"
693,0.48566896400831416,1.290079163130466,"tensor(0.2517, device='cuda:0')"
694,0.4846296904058637,1.291573513768301,"tensor(0.2279, device='cuda:0')"
695,0.48523137512307185,1.2946830775359308,"tensor(0.1890, device='cuda:0')"
696,0.4855595667870036,1.2905096063962351,"tensor(0.2636, device='cuda:0')"
697,0.48484848484848486,1.2926069624822258,"tensor(0.2989, device='cuda:0')"
698,0.4864894431681435,1.2918681621342856,"tensor(0.1619, device='cuda:0')"
699,0.4835904168034132,1.2900938651269875,"tensor(0.1756, device='cuda:0')"
700,0.4861612515042118,1.2884871413783112,"tensor(0.2283, device='cuda:0')"
701,0.4851766765124166,1.288987243257666,"tensor(0.1861, device='cuda:0')"
702,0.4851766765124166,1.2903596054554352,"tensor(0.1930, device='cuda:0')"
703,0.4864894431681435,1.2887832648565545,"tensor(0.2056, device='cuda:0')"
704,0.4862706487255224,1.2904999034042992,"tensor(0.1884, device='cuda:0')"
705,0.4876928126025599,1.2876550203965407,"tensor(0.1887, device='cuda:0')"
706,0.4861612515042118,1.2892535247422976,"tensor(0.2684, device='cuda:0')"
707,0.4873099223279729,1.2874511419950827,"tensor(0.2230, device='cuda:0')"
708,0.4861612515042118,1.2858336652059443,"tensor(0.2093, device='cuda:0')"
709,0.4840827042993108,1.2877345290411981,"tensor(0.2222, device='cuda:0')"
710,0.4878569084345258,1.2848474150504186,"tensor(0.2896, device='cuda:0')"
711,0.48780220982387046,1.287548265041401,"tensor(0.2431, device='cuda:0')"
712,0.48643474455748825,1.2850029326648502,"tensor(0.1899, device='cuda:0')"
713,0.4866535390001094,1.2879206640508318,"tensor(0.2492, device='cuda:0')"
714,0.48643474455748825,1.286505607895642,"tensor(0.2053, device='cuda:0')"
715,0.4862706487255224,1.2861409596548654,"tensor(0.2165, device='cuda:0')"
716,0.4866535390001094,1.2843127769709755,"tensor(0.2146, device='cuda:0')"
717,0.48539547095503777,1.2874808006429552,"tensor(0.2429, device='cuda:0')"
718,0.48599715567224594,1.2860483168095054,"tensor(0.1963, device='cuda:0')"
719,0.4887320862050104,1.2865991656439346,"tensor(0.2119, device='cuda:0')"
720,0.4867082376107647,1.2849159668212047,"tensor(0.2379, device='cuda:0')"
721,0.48643474455748825,1.2851997435112488,"tensor(0.2224, device='cuda:0')"
722,0.48588775845093535,1.2839172575017606,"tensor(0.2675, device='cuda:0')"
723,0.4881851000984575,1.2823642199389744,"tensor(0.2128, device='cuda:0')"
724,0.48725522371731755,1.2854591705334577,"tensor(0.2059, device='cuda:0')"
725,0.48813040148780223,1.2843159698263689,"tensor(0.2580, device='cuda:0')"
726,0.48687233344273056,1.2833915985122237,"tensor(0.2002, device='cuda:0')"
727,0.48654414177879884,1.2875477833920528,"tensor(0.1991, device='cuda:0')"
728,0.4896619625861503,1.283447418297919,"tensor(0.2072, device='cuda:0')"
729,0.48845859315173396,1.2847153926466894,"tensor(0.2119, device='cuda:0')"
730,0.48692703205338583,1.28249225752344,"tensor(0.2325, device='cuda:0')"
731,0.48758341538124933,1.2809353035814248,"tensor(0.2306, device='cuda:0')"
732,0.48654414177879884,1.281919144381711,"tensor(0.1938, device='cuda:0')"
733,0.48813040148780223,1.2799271116918163,"tensor(0.2648, device='cuda:0')"
734,0.48791160704518105,1.2801741777239972,"tensor(0.2085, device='cuda:0')"
735,0.48889618203697627,1.2793867141904958,"tensor(0.2453, device='cuda:0')"
736,0.48747401815993874,1.2821517745093018,"tensor(0.2200, device='cuda:0')"
737,0.4900995514713926,1.2791980495860809,"tensor(0.1983, device='cuda:0')"
738,0.4887320862050104,1.2800111546452255,"tensor(0.3064, device='cuda:0')"
739,0.4887867848156657,1.2836950308201207,"tensor(0.2171, device='cuda:0')"
740,0.48823979870911277,1.2837198430450385,"tensor(0.1972, device='cuda:0')"
741,0.4891696750902527,1.2820492854669727,"tensor(0.2093, device='cuda:0')"
742,0.4880757028771469,1.2824487563570275,"tensor(0.2068, device='cuda:0')"
743,0.4900995514713926,1.2789755000051948,"tensor(0.2555, device='cuda:0')"
744,0.4887867848156657,1.278449295216819,"tensor(0.2285, device='cuda:0')"
745,0.4900995514713926,1.2786910171621464,"tensor(0.1942, device='cuda:0')"
746,0.4879663056558363,1.2791026865884363,"tensor(0.2608, device='cuda:0')"
747,0.4891149764795974,1.2811350204949565,"tensor(0.1889, device='cuda:0')"
748,0.48736462093862815,1.2800932218490917,"tensor(0.2090, device='cuda:0')"
749,0.48758341538124933,1.2819186582070787,"tensor(0.2336, device='cuda:0')"
750,0.48895088064763154,1.2808457446977302,"tensor(0.2955, device='cuda:0')"
751,0.49037304452466907,1.2791211332902908,"tensor(0.2767, device='cuda:0')"
752,0.4908653320205667,1.2772943021014567,"tensor(0.1725, device='cuda:0')"
753,0.4913576195164643,1.2748420795091797,"tensor(0.2332, device='cuda:0')"
754,0.4894431681435292,1.2802565614499797,"tensor(0.1884, device='cuda:0')"
755,0.4891696750902527,1.2801680473461805,"tensor(0.2139, device='cuda:0')"
756,0.49015425008204794,1.2780241757328095,"tensor(0.2379, device='cuda:0')"
757,0.491302920905809,1.2766736297087862,"tensor(0.2746, device='cuda:0')"
758,0.48856799037304455,1.2786621056165361,"tensor(0.2296, device='cuda:0')"
759,0.4921234000656383,1.2770989498832843,"tensor(0.2366, device='cuda:0')"
760,0.49152171534843014,1.2758540105355436,"tensor(0.2410, device='cuda:0')"
761,0.4882944973197681,1.2782897179137955,"tensor(0.1917, device='cuda:0')"
762,0.4914670167377749,1.2763289345287543,"tensor(0.2428, device='cuda:0')"
763,0.4912482222951537,1.2761237464291746,"tensor(0.2570, device='cuda:0')"
764,0.4897166611968056,1.2757308594234504,"tensor(0.2545, device='cuda:0')"
765,0.4908653320205667,1.2761720265044307,"tensor(0.3032, device='cuda:0')"
766,0.4897713598074609,1.277317785379493,"tensor(0.2224, device='cuda:0')"
767,0.491302920905809,1.273991112231217,"tensor(0.1925, device='cuda:0')"
768,0.48938846953287385,1.2757146176826561,"tensor(0.2034, device='cuda:0')"
769,0.489990154250082,1.2770359557745115,"tensor(0.2487, device='cuda:0')"
770,0.4913576195164643,1.2751901534594536,"tensor(0.2254, device='cuda:0')"
771,0.49316267366808886,1.272753089917409,"tensor(0.2620, device='cuda:0')"
772,0.49250629034022536,1.2752439237086939,"tensor(0.2823, device='cuda:0')"
773,0.4907559347992561,1.275245118227246,"tensor(0.2520, device='cuda:0')"
774,0.4903183459140138,1.2757953149773413,"tensor(0.2359, device='cuda:0')"
775,0.4908653320205667,1.2742385618953498,"tensor(0.2426, device='cuda:0')"
776,0.49310797505743353,1.2747762531853912,"tensor(0.2560, device='cuda:0')"
777,0.4905371403566349,1.2737126055411678,"tensor(0.2243, device='cuda:0')"
778,0.4928344820041571,1.273045961268164,"tensor(0.2627, device='cuda:0')"
779,0.49387375560660757,1.2702191830359537,"tensor(0.2804, device='cuda:0')"
780,0.4922874958976042,1.2702797017359861,"tensor(0.2494, device='cuda:0')"
781,0.4920140028443278,1.2739219324892113,"tensor(0.2124, device='cuda:0')"
782,0.49343616672136525,1.272213308754589,"tensor(0.2701, device='cuda:0')"
783,0.49409255004922875,1.2693830573471432,"tensor(0.2148, device='cuda:0')"
784,0.49299857783612294,1.2721664724797548,"tensor(0.2639, device='cuda:0')"
785,0.49206870145498305,1.271514537767148,"tensor(0.2082, device='cuda:0')"
786,0.4926703861721912,1.2720459704195146,"tensor(0.2296, device='cuda:0')"
787,0.4923421945082595,1.2701916612612185,"tensor(0.2253, device='cuda:0')"
788,0.4911388250738431,1.2723089243726413,"tensor(0.1984, device='cuda:0')"
789,0.49463953615578166,1.2701810697747091,"tensor(0.2189, device='cuda:0')"
790,0.49376435838529703,1.2706428605192222,"tensor(0.2783, device='cuda:0')"
791,0.49316267366808886,1.2708294238137567,"tensor(0.2744, device='cuda:0')"
792,0.4932173722787441,1.2718910093237594,"tensor(0.2741, device='cuda:0')"
793,0.49338146811071,1.2697410726427263,"tensor(0.2120, device='cuda:0')"
794,0.4927797833935018,1.2742797164866915,"tensor(0.2764, device='cuda:0')"
795,0.49250629034022536,1.2685223476798853,"tensor(0.2217, device='cuda:0')"
796,0.494147248659884,1.2684084126547903,"tensor(0.1863, device='cuda:0')"
797,0.4962804944754403,1.2695249837984495,"tensor(0.2442, device='cuda:0')"
798,0.49567880975823214,1.2698829869787902,"tensor(0.2343, device='cuda:0')"
799,0.4924515917295701,1.2702628337323647,"tensor(0.2701, device='cuda:0')"
800,0.49453013893447106,1.2705360421622143,"tensor(0.2118, device='cuda:0')"
801,0.49398315282791816,1.2670861119684615,"tensor(0.2302, device='cuda:0')"
802,0.49578820697954273,1.2680757827824516,"tensor(0.2319, device='cuda:0')"
803,0.49513182365167924,1.266133977917975,"tensor(0.2373, device='cuda:0')"
804,0.4969368778033038,1.266887184501855,"tensor(0.2407, device='cuda:0')"
805,0.49458483754512633,1.2666256370122944,"tensor(0.2593, device='cuda:0')"
806,0.49513182365167924,1.2673915940084313,"tensor(0.2685, device='cuda:0')"
807,0.4964445903074062,1.2655089665862458,"tensor(0.2404, device='cuda:0')"
808,0.49507712504102397,1.267718436211729,"tensor(0.2762, device='cuda:0')"
809,0.49655398752871677,1.267516118511696,"tensor(0.1854, device='cuda:0')"
810,0.4942566458811946,1.2675243067462314,"tensor(0.2319, device='cuda:0')"
811,0.4948036319877475,1.2668263562436881,"tensor(0.2532, device='cuda:0')"
812,0.4981949458483754,1.2671654870194244,"tensor(0.2254, device='cuda:0')"
813,0.4960617000328192,1.2672527918681549,"tensor(0.2925, device='cuda:0')"
814,0.4960617000328192,1.2648054816740866,"tensor(0.1924, device='cuda:0')"
815,0.4969368778033038,1.2644050127436721,"tensor(0.2546, device='cuda:0')"
816,0.4967180833606826,1.2650497525020783,"tensor(0.2675, device='cuda:0')"
817,0.49726506946723553,1.2641564735554067,"tensor(0.1893, device='cuda:0')"
818,0.49611639864347445,1.2656319036015327,"tensor(0.2681, device='cuda:0')"
819,0.5004922874958976,1.2651161199950922,"tensor(0.2762, device='cuda:0')"
820,0.4981949458483754,1.2622896364671294,"tensor(0.2153, device='cuda:0')"
821,0.4952959194836451,1.2671760840875526,"tensor(0.2339, device='cuda:0')"
822,0.50092987638114,1.2629921703784108,"tensor(0.2417, device='cuda:0')"
823,0.4980855486270649,1.2639782966298279,"tensor(0.2267, device='cuda:0')"
824,0.49666338475002736,1.2645835756355714,"tensor(0.2408, device='cuda:0')"
825,0.4969915764139591,1.265124613940618,"tensor(0.2299, device='cuda:0')"
826,0.49879663056558365,1.2629310119440278,"tensor(0.2356, device='cuda:0')"
827,0.4968274805819932,1.2640792309566264,"tensor(0.2336, device='cuda:0')"
828,0.5007657805491741,1.2622693566730359,"tensor(0.2366, device='cuda:0')"
829,0.49715567224592494,1.2629880805516867,"tensor(0.2416, device='cuda:0')"
830,0.4984684389016519,1.2637057077596465,"tensor(0.2504, device='cuda:0')"
831,0.5006016847172082,1.2604723766457524,"tensor(0.2366, device='cuda:0')"
832,0.4968274805819932,1.2624403257206198,"tensor(0.1592, device='cuda:0')"
833,0.4993436166721365,1.2611380049207124,"tensor(0.2835, device='cuda:0')"
834,0.4976479597418226,1.2623032668189555,"tensor(0.2955, device='cuda:0')"
835,0.4991248222295154,1.2607905831460606,"tensor(0.2492, device='cuda:0')"
836,0.4991248222295154,1.2614990975660902,"tensor(0.2683, device='cuda:0')"
837,0.4997812055573788,1.2601941514753328,"tensor(0.2111, device='cuda:0')"
838,0.5010392736024505,1.260707593866621,"tensor(0.2479, device='cuda:0')"
839,0.49868723334427306,1.2616538595884612,"tensor(0.2431, device='cuda:0')"
840,0.49994530138934473,1.2607691405495283,"tensor(0.2639, device='cuda:0')"
841,0.49857783612296247,1.2599297364291993,"tensor(0.1892, device='cuda:0')"
842,0.4988513291762389,1.2612786106671536,"tensor(0.2319, device='cuda:0')"
843,0.5006016847172082,1.2578219383866973,"tensor(0.2309, device='cuda:0')"
844,0.5002187944426212,1.2617068382129015,"tensor(0.2485, device='cuda:0')"
845,0.49770265835247784,1.2607631446782877,"tensor(0.2662, device='cuda:0')"
846,0.5004375888852424,1.257180278364619,"tensor(0.2326, device='cuda:0')"
847,0.5012580680450717,1.2579063539783564,"tensor(0.2513, device='cuda:0')"
848,0.498304343069686,1.2605782479924794,"tensor(0.3012, device='cuda:0')"
849,0.49857783612296247,1.2587241682413175,"tensor(0.2668, device='cuda:0')"
850,0.5021332458155563,1.2593990058218698,"tensor(0.2537, device='cuda:0')"
851,0.5025161360901433,1.257857535655096,"tensor(0.2984, device='cuda:0')"
852,0.5010392736024505,1.2583229441492005,"tensor(0.2469, device='cuda:0')"
853,0.5007657805491741,1.2603027397401354,"tensor(0.3082, device='cuda:0')"
854,0.5010939722131058,1.2597866845514332,"tensor(0.2450, device='cuda:0')"
855,0.4998906027786894,1.2593502841075601,"tensor(0.2274, device='cuda:0')"
856,0.5006563833278634,1.2612712441825096,"tensor(0.3119, device='cuda:0')"
857,0.5009845749917952,1.2577710370763935,"tensor(0.3252, device='cuda:0')"
858,0.5033366152499726,1.2556599051643809,"tensor(0.3367, device='cuda:0')"
859,0.5009845749917952,1.2548201484109494,"tensor(0.3133, device='cuda:0')"
860,0.5010939722131058,1.253221296322527,"tensor(0.2612, device='cuda:0')"
861,0.5023520402581775,1.258487162424665,"tensor(0.2563, device='cuda:0')"
862,0.503391313860628,1.2568923215377827,"tensor(0.1931, device='cuda:0')"
863,0.5051963680122525,1.2542082748792844,"tensor(0.2315, device='cuda:0')"
864,0.5034460124712832,1.2535612070120967,"tensor(0.2933, device='cuda:0')"
865,0.5050322721802866,1.256218674876421,"tensor(0.2395, device='cuda:0')"
866,0.5033366152499726,1.2540884355840922,"tensor(0.3207, device='cuda:0')"
867,0.5022426430368668,1.2537249950204032,"tensor(0.2432, device='cuda:0')"
868,0.5026802319221092,1.2577603171344085,"tensor(0.2845, device='cuda:0')"
869,0.5039382999671809,1.2545225790848213,"tensor(0.2112, device='cuda:0')"
870,0.5039929985778361,1.2539153902395825,"tensor(0.2508, device='cuda:0')"
871,0.5050322721802866,1.252064097398429,"tensor(0.2972, device='cuda:0')"
872,0.5037195055245597,1.2534752099835602,"tensor(0.3057, device='cuda:0')"
873,0.5031725194180068,1.254621499125434,"tensor(0.2791, device='cuda:0')"
874,0.5026255333114539,1.2528945776451443,"tensor(0.2906, device='cuda:0')"
875,0.5067279291106006,1.2529630085373717,"tensor(0.2702, device='cuda:0')"
876,0.5025708347007986,1.254865152584673,"tensor(0.2632, device='cuda:0')"
877,0.507384312438464,1.2522151083122548,"tensor(0.2291, device='cuda:0')"
878,0.5044305874630785,1.2512299221593015,"tensor(0.2488, device='cuda:0')"
879,0.5050322721802866,1.2515693878843206,"tensor(0.3173, device='cuda:0')"
880,0.5051416694015972,1.2497412639508791,"tensor(0.2978, device='cuda:0')"
881,0.5016956569303139,1.253949473832997,"tensor(0.3015, device='cuda:0')"
882,0.503774204135215,1.253667740028414,"tensor(0.2448, device='cuda:0')"
883,0.5032819166393173,1.2545316023190711,"tensor(0.2632, device='cuda:0')"
884,0.5055245596761843,1.2510260898061973,"tensor(0.2635, device='cuda:0')"
885,0.5074390110491194,1.2494788877996101,"tensor(0.2282, device='cuda:0')"
886,0.5065638332786347,1.2523972291339214,"tensor(0.2311, device='cuda:0')"
887,0.5066732304999453,1.2489223308081232,"tensor(0.2169, device='cuda:0')"
888,0.5067279291106006,1.2491299805971376,"tensor(0.2877, device='cuda:0')"
889,0.5090252707581228,1.2504951029269338,"tensor(0.2371, device='cuda:0')"
890,0.5060715457827372,1.2511989994834671,"tensor(0.3588, device='cuda:0')"
891,0.5048134777376655,1.252484710364409,"tensor(0.2560, device='cuda:0')"
892,0.5071108193851876,1.247835400811093,"tensor(0.3303, device='cuda:0')"
893,0.5042117930204573,1.250784885868986,"tensor(0.3017, device='cuda:0')"
894,0.5065091346679794,1.249215297789741,"tensor(0.2183, device='cuda:0')"
895,0.5085329832622252,1.2497535242239894,"tensor(0.2553, device='cuda:0')"
896,0.5078219013237064,1.2495758519654148,"tensor(0.2776, device='cuda:0')"
897,0.5056339568974948,1.2487317902842832,"tensor(0.3153, device='cuda:0')"
898,0.5051963680122525,1.2462390525220273,"tensor(0.2452, device='cuda:0')"
899,0.5083688874302593,1.2490050746919603,"tensor(0.2695, device='cuda:0')"
900,0.5099004485286074,1.248387962824249,"tensor(0.2614, device='cuda:0')"
901,0.5072202166064982,1.2481539607008911,"tensor(0.2731, device='cuda:0')"
902,0.5090799693687781,1.2480427386684811,"tensor(0.3367, device='cuda:0')"
903,0.5072749152171535,1.2485800369630142,"tensor(0.2729, device='cuda:0')"
904,0.5102286401925391,1.24680912310779,"tensor(0.2713, device='cuda:0')"
905,0.5090799693687781,1.2483645703648858,"tensor(0.2561, device='cuda:0')"
906,0.508314188819604,1.2507385248663703,"tensor(0.3207, device='cuda:0')"
907,0.5097363526966415,1.2457508380036688,"tensor(0.2987, device='cuda:0')"
908,0.507001422163877,1.249072960672148,"tensor(0.3040, device='cuda:0')"
909,0.5090799693687781,1.247447888904113,"tensor(0.2331, device='cuda:0')"
910,0.5101739415818838,1.2441105749737238,"tensor(0.2663, device='cuda:0')"
911,0.5074390110491194,1.2465747841572217,"tensor(0.2707, device='cuda:0')"
912,0.5073296138278087,1.2465490800079038,"tensor(0.2530, device='cuda:0')"
913,0.5082047915982933,1.2468022153982903,"tensor(0.2660, device='cuda:0')"
914,0.5086423804835357,1.2461981355276714,"tensor(0.2734, device='cuda:0')"
915,0.5065638332786347,1.2485622855247913,"tensor(0.1942, device='cuda:0')"
916,0.5121977901761295,1.2428694631166315,"tensor(0.2111, device='cuda:0')"
917,0.5105021332458155,1.2467110259386085,"tensor(0.2556, device='cuda:0')"
918,0.5102286401925391,1.2452029328992573,"tensor(0.3391, device='cuda:0')"
919,0.5074390110491194,1.2451280428223193,"tensor(0.2570, device='cuda:0')"
920,0.5113773110163002,1.2449224967427592,"tensor(0.3249, device='cuda:0')"
921,0.5096269554753309,1.2457704086844137,"tensor(0.2985, device='cuda:0')"
922,0.5112679137949896,1.2435563160311327,"tensor(0.2213, device='cuda:0')"
923,0.5124165846187507,1.243329272399571,"tensor(0.3307, device='cuda:0')"
924,0.5106662290777815,1.2441668712183835,"tensor(0.2611, device='cuda:0')"
925,0.5078219013237064,1.2450553688044725,"tensor(0.3268, device='cuda:0')"
926,0.5105021332458155,1.2451222421903603,"tensor(0.2926, device='cuda:0')"
927,0.5097910513072968,1.2459574085841123,"tensor(0.2864, device='cuda:0')"
928,0.510775626299092,1.2454722091179031,"tensor(0.2653, device='cuda:0')"
929,0.5101739415818838,1.2416860422567992,"tensor(0.2389, device='cuda:0')"
930,0.5097363526966415,1.2441292096900542,"tensor(0.3171, device='cuda:0')"
931,0.5140028443277541,1.242631848121078,"tensor(0.3423, device='cuda:0')"
932,0.5097363526966415,1.2435156379770025,"tensor(0.2588, device='cuda:0')"
933,0.5155344054261022,1.242950466787407,"tensor(0.2878, device='cuda:0')"
934,0.510392736024505,1.2454515374237594,"tensor(0.2137, device='cuda:0')"
935,0.5124712832294059,1.241063804689584,"tensor(0.3816, device='cuda:0')"
936,0.5108850235204025,1.2450604846318145,"tensor(0.2132, device='cuda:0')"
937,0.5150421179302046,1.2393148912667262,"tensor(0.2637, device='cuda:0')"
938,0.515698501258068,1.2383176844199055,"tensor(0.3187, device='cuda:0')"
939,0.5152609123728258,1.238938609693807,"tensor(0.2656, device='cuda:0')"
940,0.5130729679466142,1.241240111381686,"tensor(0.2660, device='cuda:0')"
941,0.5132917623892354,1.241789358487185,"tensor(0.2589, device='cuda:0')"
942,0.5106115304671262,1.2445586374142201,"tensor(0.3157, device='cuda:0')"
943,0.5144951318236517,1.2382847839731472,"tensor(0.3227, device='cuda:0')"
944,0.514549830434307,1.2405380843804892,"tensor(0.2682, device='cuda:0')"
945,0.5130182693359588,1.2451204578981607,"tensor(0.3273, device='cuda:0')"
946,0.5135652554425117,1.2416970837808727,"tensor(0.3461, device='cuda:0')"
947,0.5141122415490647,1.24021189677847,"tensor(0.3896, device='cuda:0')"
948,0.5138934471064435,1.2392383170406949,"tensor(0.2676, device='cuda:0')"
949,0.5144404332129964,1.2398614021532255,"tensor(0.3988, device='cuda:0')"
950,0.5126353790613718,1.239109701380507,"tensor(0.2577, device='cuda:0')"
951,0.5148233234875834,1.2403769939241283,"tensor(0.4252, device='cuda:0')"
952,0.5150421179302046,1.235781044071136,"tensor(0.3977, device='cuda:0')"
953,0.5147139262662729,1.241230380325163,"tensor(0.2453, device='cuda:0')"
954,0.516245487364621,1.2352854034960916,"tensor(0.2928, device='cuda:0')"
955,0.515315610983481,1.239124708136014,"tensor(0.3189, device='cuda:0')"
956,0.5171206651351056,1.2378710223005867,"tensor(0.3834, device='cuda:0')"
957,0.5132917623892354,1.2395787539934384,"tensor(0.3972, device='cuda:0')"
958,0.5158625970900339,1.2371044734572572,"tensor(0.2937, device='cuda:0')"
959,0.5164095831965868,1.234501978146301,"tensor(0.3304, device='cuda:0')"
960,0.5151515151515151,1.239064980082694,"tensor(0.3228, device='cuda:0')"
961,0.5136746526638223,1.238955286174879,"tensor(0.2521, device='cuda:0')"
962,0.5154797068154469,1.2357395715361912,"tensor(0.3070, device='cuda:0')"
963,0.5181599387375561,1.2349767657419666,"tensor(0.2304, device='cuda:0')"
964,0.516245487364621,1.2373821616316243,"tensor(0.3140, device='cuda:0')"
965,0.5184334317908326,1.2334009114872535,"tensor(0.3790, device='cuda:0')"
966,0.5160813915326551,1.2395839621000642,"tensor(0.3571, device='cuda:0')"
967,0.5148233234875834,1.23428565720841,"tensor(0.2531, device='cuda:0')"
968,0.5151515151515151,1.2344246235108718,"tensor(0.2799, device='cuda:0')"
969,0.5184334317908326,1.2347777063770167,"tensor(0.2753, device='cuda:0')"
970,0.5160266929219998,1.2363994603552972,"tensor(0.3394, device='cuda:0')"
971,0.5147139262662729,1.2354536812123658,"tensor(0.2420, device='cuda:0')"
972,0.517394158188382,1.2367811695698145,"tensor(0.2284, device='cuda:0')"
973,0.5189804178973854,1.2327386980935215,"tensor(0.3054, device='cuda:0')"
974,0.5161360901433104,1.2363555525392766,"tensor(0.2605, device='cuda:0')"
975,0.5172847609670714,1.236762091792943,"tensor(0.3344, device='cuda:0')"
976,0.5155891040367575,1.2342065759227308,"tensor(0.2819, device='cuda:0')"
977,0.5168471720818292,1.2335380623943368,"tensor(0.3190, device='cuda:0')"
978,0.5222076359260475,1.2329507495887222,"tensor(0.3172, device='cuda:0')"
979,0.517394158188382,1.2355744676612919,"tensor(0.3293, device='cuda:0')"
980,0.516245487364621,1.2350094624335624,"tensor(0.3214, device='cuda:0')"
981,0.5193086095613172,1.2335888183478154,"tensor(0.2534, device='cuda:0')"
982,0.5167924734711739,1.2334632937306453,"tensor(0.2542, device='cuda:0')"
983,0.5165189804178973,1.2359132982685326,"tensor(0.3124, device='cuda:0')"
984,0.5180505415162455,1.2335881849123473,"tensor(0.2905, device='cuda:0')"
985,0.5213871567662182,1.2326744064409927,"tensor(0.2441, device='cuda:0')"
986,0.5175035554096926,1.2323963520055057,"tensor(0.2859, device='cuda:0')"
987,0.5220435400940816,1.2317576677686288,"tensor(0.2427, device='cuda:0')"
988,0.5219341428727711,1.2304170803955408,"tensor(0.3088, device='cuda:0')"
989,0.5177223498523138,1.2351317045242882,"tensor(0.2866, device='cuda:0')"
990,0.5191992123400065,1.230661866649498,"tensor(0.3288, device='cuda:0')"
991,0.5211136637129417,1.2296380632986008,"tensor(0.2624, device='cuda:0')"
992,0.5195274040039383,1.2309876125733397,"tensor(0.3732, device='cuda:0')"
993,0.5181599387375561,1.2341397117569468,"tensor(0.2931, device='cuda:0')"
994,0.5213324581555628,1.2318973156936632,"tensor(0.3767, device='cuda:0')"
995,0.5182693359588666,1.2303559938310182,"tensor(0.3765, device='cuda:0')"
996,0.517394158188382,1.2303865652691548,"tensor(0.2081, device='cuda:0')"
997,0.5189804178973854,1.231488308256062,"tensor(0.2867, device='cuda:0')"
998,0.5199102942785253,1.230742652271994,"tensor(0.2658, device='cuda:0')"
999,0.5199102942785253,1.2262863775218242,"tensor(0.3120, device='cuda:0')"
