epoch,accuracy,loss,f1
0,0.3584946942347664,1.7099290544466903,0.0862
1,0.380155344054261,1.6239562282128246,0.1036
2,0.3862268898369981,1.5916615943263936,0.1557
3,0.4007220216606498,1.5584498091060135,0.15
4,0.4189366590088612,1.5201588275591429,0.1724
5,0.4285636144841921,1.4879942027031363,0.187
6,0.4317908325128541,1.4701164370487665,0.2005
7,0.4337599824964446,1.4687488806637643,0.1796
8,0.4317361339021989,1.4670076463483588,0.127
9,0.4329395033366152,1.4677197847386156,0.1764
10,0.4343616672136527,1.4652219084573903,0.1843
11,0.4340881741603763,1.4649311301614585,0.186
12,0.4320096269554753,1.4662416126832127,0.1581
13,0.4326113116726835,1.4654356310213958,0.1794
14,0.4355103380374138,1.4637533455627412,0.1562
15,0.4334864894431681,1.465271687888431,0.193
16,0.4318455311235095,1.4652306220683002,0.154
17,0.4327207088939941,1.4637264599621185,0.1688
18,0.4343069686029975,1.4631453332461777,0.1821
19,0.4328848047259599,1.4636728343524397,0.1594
20,0.4327754075046494,1.4628467721785725,0.1711
21,0.4329395033366152,1.4633319934365685,0.1488
22,0.4327754075046494,1.4630112766815266,0.1513
23,0.4334317908325129,1.462154739939297,0.161
24,0.4344710644349633,1.4625711802932368,0.1797
25,0.4338146811070998,1.4609918404089757,0.1969
26,0.4323925172300623,1.4617543210478323,0.1191
27,0.4317908325128541,1.4614605685446798,0.1534
28,0.434416365824308,1.4604436794760294,0.1654
29,0.4335411880538234,1.4606277311465083,0.1917
30,0.4333770922218575,1.4613321967281954,0.1751
31,0.4345257630456186,1.4603878330733162,0.1851
32,0.4329395033366152,1.4602800155935318,0.1591
33,0.4334317908325129,1.460528754546363,0.165
34,0.4351274477628268,1.4592698273623803,0.1995
35,0.4342522699923422,1.4580361900490255,0.166
36,0.4342522699923422,1.4585202654189735,0.1494
37,0.4338693797177552,1.4589850875953396,0.1725
38,0.4341428727710316,1.4577079794362813,0.1771
39,0.4339787769390657,1.4574961442940084,0.1789
40,0.4338146811070998,1.4568026512095082,0.1641
41,0.4345804616562739,1.4568853492014855,0.1803
42,0.4349086533202057,1.4558095619149287,0.1906
43,0.4343069686029975,1.4580050968469174,0.171
44,0.4368231046931408,1.4553833665869689,0.1782
45,0.433650585275134,1.4568751961589446,0.1847
46,0.4345804616562739,1.4556597397815425,0.1838
47,0.4354009408161032,1.454113305938699,0.2004
48,0.4360026255333114,1.4542218208860718,0.1621
49,0.4345804616562739,1.4557719710827552,0.1458
50,0.4352915435947927,1.4532462434635136,0.1579
51,0.4341428727710316,1.4533348364663612,0.1861
52,0.4358385297013455,1.4547532944876964,0.1834
53,0.4356744338693797,1.4525806124368676,0.1683
54,0.4364402144185538,1.4511194010164816,0.1966
55,0.436494913029209,1.4524109750487275,0.1362
56,0.4357838310906903,1.4524996725634718,0.1715
57,0.4346351602669292,1.4522946962654533,0.1774
58,0.4358385297013455,1.4527460256482017,0.1341
59,0.4357838310906903,1.451003642784351,0.197
60,0.4365496116398643,1.4499814883583602,0.1607
61,0.4369872005251066,1.451765574990053,0.1823
62,0.4352368449841374,1.4504823532893223,0.2122
63,0.4370965977464172,1.448961866852648,0.1709
64,0.4362214199759326,1.4508042661408969,0.1573
65,0.4389563505086971,1.4483766481060256,0.1921
66,0.4358385297013455,1.4500936759586291,0.1586
67,0.4345257630456186,1.4494359588847354,0.158
68,0.4375341866316595,1.449357814241611,0.1554
69,0.4352915435947927,1.4491459841723515,0.1789
70,0.4373153921890384,1.4466428204029294,0.1567
71,0.4373153921890384,1.4484093870901198,0.197
72,0.4388469532873865,1.4460060560863683,0.1701
73,0.4351821463734821,1.4470028500499044,0.1792
74,0.438190569959523,1.4467927387149078,0.1916
75,0.438190569959523,1.446689390168515,0.1735
76,0.4372059949677278,1.4453037338984012,0.1927
77,0.4363308171972432,1.4456660610465433,0.1655
78,0.4369872005251066,1.4443747460639995,0.1548
79,0.4396674324472158,1.445828530566983,0.1717
80,0.4374794880210043,1.4443828211273044,0.1912
81,0.4380264741275572,1.445061268541461,0.2069
82,0.4369872005251066,1.4431152564015275,0.1766
83,0.4388469532873865,1.4438054689287996,0.1821
84,0.4397768296685264,1.4428389082981556,0.186
85,0.438190569959523,1.4432584589960382,0.1657
86,0.4380264741275572,1.4422887961982624,0.1875
87,0.4396127338365606,1.4423133900358307,0.1862
88,0.4387922546767312,1.441166419401796,0.2139
89,0.4398315282791817,1.4408196580708643,0.1495
90,0.4388469532873865,1.439506550062643,0.1787
91,0.4396127338365606,1.4415691247485605,0.18
92,0.4384093644021442,1.4393312875375015,0.191
93,0.4401597199431134,1.4404707771854632,0.1703
94,0.4387922546767312,1.4401500957328557,0.177
95,0.440652007439011,1.4393247590781224,0.1868
96,0.4401597199431134,1.436824774536076,0.149
97,0.4378623782955912,1.4385490119489848,0.1617
98,0.4384093644021442,1.4374976608192696,0.1752
99,0.4398315282791817,1.4371335017917166,0.1835
100,0.4395580352259052,1.437065995270308,0.1692
101,0.4403238157750793,1.437879811255523,0.1922
102,0.4404879116070452,1.435204401982325,0.1788
103,0.4430587463078437,1.4350974512183683,0.1943
104,0.440269117164424,1.4368281499156152,0.1798
105,0.4400503227218029,1.436075574850152,0.1811
106,0.441964774094738,1.4331623437876462,0.173
107,0.4415271852094957,1.4353545512011714,0.1803
108,0.439886226889837,1.4335899220920345,0.1699
109,0.4424023629799803,1.433496191730881,0.1796
110,0.4407614046603216,1.432560988046867,0.1836
111,0.4436057324143966,1.4312853087691375,0.1692
112,0.4426758560332567,1.4320550672127166,0.1789
113,0.4430040476971885,1.430094511317758,0.177
114,0.4434416365824308,1.43169133463126,0.2173
115,0.4425117602012909,1.4292027470632815,0.1531
116,0.4421288699267038,1.4305205178096485,0.1832
117,0.4418553768734274,1.4302898101714832,0.1683
118,0.4426211574226014,1.4294660707073548,0.1829
119,0.442347664369325,1.4283541695527286,0.1785
120,0.442730554643912,1.426807381198855,0.1727
121,0.4430587463078437,1.4272998578568514,0.1332
122,0.4418006782627721,1.4273143702478746,0.1717
123,0.4449184990701236,1.428286141658583,0.1803
124,0.4442074171316048,1.426323085746206,0.1723
125,0.4453560879553659,1.4258013680575647,0.165
126,0.443660431025052,1.4263367518438654,0.1922
127,0.4444809101848813,1.4251002848454812,0.2075
128,0.4449731976807789,1.4240274673060664,0.1832
129,0.4426211574226014,1.425043605138405,0.1568
130,0.444426211574226,1.4233261685626484,0.1756
131,0.4453560879553659,1.4221511135841014,0.1822
132,0.4438245268570178,1.424704813785071,0.2017
133,0.4446997046275024,1.4222434796959391,0.1939
134,0.4426211574226014,1.4241524231458649,0.1808
135,0.444809101848813,1.421697259353556,0.2014
136,0.4446450060168472,1.4216682571066428,0.1284
137,0.4454654851766765,1.41985108374819,0.1611
138,0.4451919921234,1.4218467658907483,0.1706
139,0.44612186850454,1.4187919857621702,0.2009
140,0.4484192101520621,1.4193731568963193,0.2123
141,0.4469970462750246,1.418560341572738,0.1785
142,0.4473252379389563,1.4176807067102395,0.1986
143,0.4467782518324034,1.41717694137201,0.1368
144,0.4467782518324034,1.417799648069055,0.1963
145,0.4466141560004376,1.4148418557107898,0.1995
146,0.4467782518324034,1.4188221527676967,0.1752
147,0.4471611421069905,1.4160166563474954,0.1818
148,0.4480363198774751,1.414329230191997,0.1926
149,0.4467235532217481,1.4158974741574857,0.2138
150,0.4480910184881304,1.4150089249805475,0.2268
151,0.4482551143200963,1.413852543359303,0.2553
152,0.4472158407176457,1.4117762895997668,0.1864
153,0.447817525434854,1.4126286598201812,0.1566
154,0.4484192101520621,1.4106219775070834,0.189
155,0.449349086533202,1.4107591704849654,0.1863
156,0.4477081282135434,1.409635937327356,0.207
157,0.449349086533202,1.4098412507264493,0.165
158,0.4487474018159939,1.4103173151304185,0.2057
159,0.4501148670823761,1.4100730756533877,0.1647
160,0.4481457170987857,1.4092859276117504,0.1773
161,0.4495678809758232,1.4079070765606203,0.1698
162,0.4498413740290997,1.4084045539055126,0.1644
163,0.4495678809758232,1.4054692246671083,0.2258
164,0.4484192101520621,1.4075115024619649,0.2169
165,0.4507712504102396,1.4043157383801184,0.1911
166,0.4491849907012362,1.4049416668709018,0.2433
167,0.4506071545782737,1.40487931989082,0.1598
168,0.4517011267913795,1.4031499351300736,0.1552
169,0.451044743463516,1.4024572434251643,0.1714
170,0.4517558254020348,1.4025852880909828,0.1826
171,0.4515370309594136,1.4029550577668024,0.2088
172,0.4530138934471064,1.4027682440166935,0.176
173,0.4527950990044853,1.400968323011078,0.1516
174,0.4509900448528607,1.401432347315926,0.1619
175,0.4506071545782737,1.4013493157831118,0.189
176,0.4512635379061371,1.4011577469112446,0.1679
177,0.4517011267913795,1.4005100985818013,0.1667
178,0.4515370309594136,1.4009199003306825,0.184
179,0.4532326878897276,1.3988606361575493,0.1906
180,0.4536155781643146,1.3972642498013228,0.1698
181,0.4521387156766218,1.39966410910349,0.1742
182,0.4521387156766218,1.3974136488141096,0.1707
183,0.4546001531561098,1.3948129428162015,0.1823
184,0.4546548517667651,1.39429455517601,0.1862
185,0.4527950990044853,1.3939255841802605,0.1888
186,0.4546548517667651,1.3922349574620398,0.1909
187,0.4542172628815228,1.392879735365854,0.1538
188,0.4555300295372497,1.3941379289712623,0.2032
189,0.4545454545454545,1.3933845383635028,0.1683
190,0.455201837873318,1.3915649663957304,0.2051
191,0.4553112350946286,1.392051453794357,0.1763
192,0.4539984684389016,1.3932923970291853,0.1494
193,0.4567333989716661,1.3898727621008171,0.1427
194,0.4560770156438026,1.3877913057771505,0.181
195,0.4560770156438026,1.3874257916421393,0.1761
196,0.4566240017503555,1.3879897274291302,0.195
197,0.4576085767421508,1.387986523919105,0.1769
198,0.4583196586806695,1.386118739703176,0.1746
199,0.4573897822995296,1.3864126304948423,0.1796
200,0.4588119461765671,1.385418243421766,0.1758
201,0.4565693031397002,1.3840312199941571,0.1796
202,0.4597965211683623,1.3842225567332869,0.1972
203,0.4603982058855705,1.3821176627626202,0.1887
204,0.4582649600700142,1.3823182382803754,0.1826
205,0.4587572475659118,1.3807283530101226,0.2045
206,0.4590854392298436,1.381377698190754,0.198
207,0.4600700142216388,1.3799848676366862,0.2122
208,0.4588119461765671,1.3797542355590309,0.1895
209,0.4617109725412974,1.3785225359019768,0.209
210,0.4598512197790176,1.3786084192506778,0.1993
211,0.4609998906027787,1.377047752488978,0.1989
212,0.4622579586478503,1.376140114450178,0.2301
213,0.460124712832294,1.3780849463777174,0.1587
214,0.4617109725412974,1.3758810826143932,0.1895
215,0.4602341100536046,1.374777411060878,0.1826
216,0.4619297669839186,1.3749785740439942,0.1637
217,0.4634613280822667,1.3744276687674026,0.2199
218,0.4630237391970244,1.3732226871972062,0.1798
219,0.4623673558691609,1.3732335270266214,0.1818
220,0.4625314517011268,1.3723278999615518,0.214
221,0.4622579586478503,1.3722370142958094,0.177
222,0.4635707253035773,1.371121330316525,0.1796
223,0.4616015753199868,1.3725867899355435,0.1715
224,0.462203260037195,1.37097965193426,0.18
225,0.4651022864019254,1.3701294777547488,0.1664
226,0.4658133683404442,1.368289711881996,0.1788
227,0.466360354446997,1.367474348040903,0.1613
228,0.463133136418335,1.3692323304333764,0.2183
229,0.4666338475002735,1.3672560119039443,0.2226
230,0.4637348211355431,1.3674974522644368,0.21
231,0.4652663822338913,1.3651721704294404,0.1936
232,0.4662509572256865,1.3643481368609585,0.1999
233,0.4674543266601028,1.36578489989189,0.2222
234,0.4650475877912701,1.366829664568165,0.1836
235,0.4628596433650585,1.3642971950317548,0.1917
236,0.4660321627830653,1.363488435406169,0.1903
237,0.4660868613937206,1.364962339544698,0.2
238,0.4666338475002735,1.3631364632299674,0.2111
239,0.4668526419428946,1.360524484435965,0.2035
240,0.4663056558363417,1.3621990070237644,0.2005
241,0.4673449294387922,1.3614976460087835,0.2173
242,0.4692593808117273,1.359647409384627,0.1976
243,0.4677825183240345,1.358876381735744,0.1849
244,0.4678372169346899,1.361380628508716,0.1935
245,0.466360354446997,1.3603591878908936,0.1936
246,0.4676731211027239,1.3573664048609804,0.1935
247,0.4679466141560004,1.356840099681716,0.1976
248,0.469751668307625,1.3566512882859476,0.1703
249,0.4686029974838639,1.3566578842463972,0.2155
250,0.4685482988732086,1.356802489992018,0.2167
251,0.4670167377748605,1.3576531725422245,0.1931
252,0.4696422710863144,1.3549964630477291,0.1805
253,0.4690405863691062,1.3570806278127143,0.1809
254,0.4707362432994202,1.3525839240946664,0.2092
255,0.468438901651898,1.3547187320983407,0.199
256,0.4716661196805601,1.351046356952969,0.1931
257,0.4701892571928673,1.3534993837286875,0.1951
258,0.4707909419100755,1.3515298201967128,0.1897
259,0.4709550377420413,1.3525594299307224,0.1889
260,0.469751668307625,1.3517494024300312,0.1908
261,0.4705721474674543,1.3504319792698358,0.1693
262,0.4711738321846625,1.3500536911832648,0.1756
263,0.4710097363526966,1.349499939176841,0.219
264,0.4698063669182802,1.3487765394145506,0.1703
265,0.4694234766436932,1.3503138886122978,0.1866
266,0.4702986544141779,1.3493878440645144,0.1994
267,0.4706815446887649,1.3473079662565042,0.1991
268,0.4705721474674543,1.3476746778052062,0.211
269,0.4719396127338365,1.3464894491399535,0.2073
270,0.4723225030084236,1.3466433630301569,0.1652
271,0.4705721474674543,1.3462389680700508,0.2102
272,0.4723225030084236,1.3455504635180808,0.2185
273,0.4724865988403894,1.344408606846501,0.1698
274,0.4721584071764577,1.3447407914413012,0.1951
275,0.4712285307953178,1.345802813413015,0.2293
276,0.4719943113444918,1.3456407146528977,0.1653
277,0.4721584071764577,1.3440257823124273,0.2023
278,0.474291652992014,1.341873214576349,0.216
279,0.4731429821682529,1.342417739867225,0.1806
280,0.4711738321846625,1.342686270105149,0.1806
281,0.4742369543813587,1.341951073696206,0.1575
282,0.4725412974510447,1.3443299363836028,0.1878
283,0.4733070780002188,1.33921213698275,0.2125
284,0.4721584071764577,1.3414324536624538,0.169
285,0.4735805710534952,1.339829390842666,0.2172
286,0.4731976807789082,1.3396291630545352,0.2175
287,0.4752762279838092,1.3385903050348908,0.2611
288,0.4738540641067716,1.3389047008676531,0.2193
289,0.4733070780002188,1.3393295673139376,0.216
290,0.4724319002297342,1.338303251308733,0.2153
291,0.4748386390985669,1.3360786032016814,0.2023
292,0.4741822557707034,1.338586568949768,0.1742
293,0.4741275571600481,1.3356778485132583,0.2332
294,0.4746198446559457,1.3347812379401565,0.1912
295,0.4750027349305327,1.335033205376844,0.207
296,0.4764248988075703,1.334001244542479,0.2055
297,0.4751121321518433,1.3342694029637463,0.235
298,0.4757685154797068,1.3348046761609678,0.2228
299,0.4757685154797068,1.3335198622774391,0.2049
300,0.4765889946395361,1.3327510788435226,0.2288
301,0.4736899682748058,1.3334265539023042,0.2226
302,0.4751668307624986,1.3346674602828,0.2255
303,0.4766983918608467,1.3309185653191375,0.2081
304,0.4766436932501914,1.3315238532450382,0.2104
305,0.4772453779673996,1.3308950186219155,0.2172
306,0.4753856252051198,1.3304151991579285,0.2346
307,0.4760420085329833,1.3316042324787496,0.1955
308,0.4753309265944645,1.3320507660904282,0.2071
309,0.4760420085329833,1.3279089621727609,0.2732
310,0.4762608029756044,1.328685410368848,0.2131
311,0.475440323815775,1.3284824903495671,0.1985
312,0.4770265835247784,1.3291651227648704,0.1633
313,0.4765889946395361,1.328588195747469,0.2278
314,0.4755497210370856,1.328342514269697,0.2312
315,0.478065857127229,1.3272304542736808,0.2202
316,0.4783393501805054,1.3252922477274596,0.1716
317,0.4782299529591948,1.325263486376947,0.2072
318,0.4759326113116727,1.325894480343134,0.1868
319,0.4776829668526419,1.3271731366058523,0.1926
320,0.4762061043649491,1.3274438369327608,0.1783
321,0.4777376654632972,1.3226901704380072,0.222
322,0.4780111585165736,1.3238269380427152,0.2412
323,0.478831637676403,1.3253303633752374,0.179
324,0.4781205557378842,1.3213456198027014,0.2237
325,0.4787222404550924,1.322903323129183,0.1775
326,0.479597418225577,1.3212580446627844,0.1899
327,0.4776829668526419,1.3238988140064678,0.1521
328,0.4763155015862597,1.3239029907264748,0.1922
329,0.4794880210042665,1.321864360362901,0.1937
330,0.4781752543485395,1.3198777404607172,0.2012
331,0.480527294606717,1.3205231152716956,0.1749
332,0.4782846515698501,1.3203787276656422,0.2073
333,0.4776282682419867,1.3198190621950996,0.1894
334,0.4786675418444371,1.3195959492358842,0.2298
335,0.4786675418444371,1.319612544561786,0.1946
336,0.4789957335083689,1.3174460917929698,0.2352
337,0.4797068154468876,1.3170932561742723,0.1824
338,0.4785581446231265,1.3174520134078167,0.1892
339,0.4787769390657477,1.3174789801505682,0.2162
340,0.4785581446231265,1.317901127070544,0.2125
341,0.4772453779673996,1.315764639482184,0.2181
342,0.4787769390657477,1.3175473213326212,0.1931
343,0.4801444043321299,1.31470629132403,0.1918
344,0.4798162126681982,1.3158593948658674,0.1687
345,0.4794880210042665,1.3174368268146437,0.1909
346,0.4789410348977136,1.31606104843153,0.1636
347,0.480527294606717,1.3148455320386865,0.2122
348,0.4808007876599934,1.3143354364146211,0.1978
349,0.4808007876599934,1.3136134986190957,0.2275
350,0.4802538015534405,1.3116704681198468,0.1758
351,0.4801991029427852,1.311795941237456,0.2091
352,0.4801991029427852,1.3135375307159498,0.1818
353,0.4804725959960617,1.3114044756535146,0.2068
354,0.4796521168362324,1.3137962653305426,0.1954
355,0.479597418225577,1.3112045840144535,0.1737
356,0.481293075155891,1.312495490573791,0.2296
357,0.4820041570944098,1.310733156853152,0.2211
358,0.4802538015534405,1.3115981714872338,0.2055
359,0.4810195821026146,1.3105953189244537,0.1842
360,0.4803085001640958,1.3113298749469873,0.2149
361,0.4834810195821026,1.3069429329377715,0.1961
362,0.4798709112788535,1.3109067302996398,0.1998
363,0.4808554862706487,1.3078783557524816,0.1831
364,0.4786128432337818,1.3111024602029924,0.1865
365,0.4817853626517886,1.3054102206697038,0.188
366,0.4800897057214747,1.3100523480230786,0.1869
367,0.4831528279181709,1.305933366548492,0.2937
368,0.4801991029427852,1.305632071622338,0.1858
369,0.4793239251723006,1.3070576454771254,0.1848
370,0.4808007876599934,1.3078390310713348,0.2067
371,0.4815118695985122,1.305016940472854,0.1937
372,0.481293075155891,1.3064951425359776,0.2083
373,0.4819494584837545,1.304423888328756,0.1831
374,0.4816759654304781,1.3040589007568653,0.2272
375,0.4828246362542391,1.3037401337212018,0.1947
376,0.4823870473689968,1.3024739081535386,0.2236
377,0.4792692265616453,1.305841068302877,0.1984
378,0.4799256098895088,1.3042419361032709,0.2224
379,0.4830434306968603,1.30288542558505,0.2367
380,0.4811289793239252,1.3024421340461216,0.1997
381,0.4824417459796521,1.303248592179944,0.2252
382,0.4817306640411333,1.3017999441223846,0.2199
383,0.4828246362542391,1.301608368599523,0.2183
384,0.4804725959960617,1.3025874874938983,0.1892
385,0.4830434306968603,1.3010325310540896,0.2092
386,0.4819494584837545,1.2999676006417504,0.1868
387,0.4822776501476862,1.2971383982004137,0.1762
388,0.4838092112460344,1.296270107860417,0.1619
389,0.4831528279181709,1.297092132398303,0.2068
390,0.4834263209714473,1.2982084047427884,0.2148
391,0.4830981293075156,1.298125256139436,0.1716
392,0.4834263209714473,1.2963809246386235,0.2124
393,0.4810195821026146,1.2988622082804266,0.1953
394,0.4821682529263756,1.297676167959145,0.2168
395,0.4832075265288261,1.2970317209357702,0.2565
396,0.4817306640411333,1.2964225690561235,0.1909
397,0.4820041570944098,1.2977440355904135,0.2741
398,0.4847390876271742,1.295078898334305,0.2002
399,0.4851219779017613,1.2919568151264924,0.1884
400,0.4847937862378295,1.2945051830428629,0.1861
401,0.4838092112460344,1.2961909142511834,0.2037
402,0.482988732086205,1.292506779026586,0.1758
403,0.4841374029099661,1.2923620557670272,0.2071
404,0.4835904168034132,1.2939145536603218,0.2034
405,0.4833169237501367,1.292579465642198,0.2096
406,0.4836998140247238,1.2959192154535566,0.2001
407,0.4830981293075156,1.2940156757277324,0.1984
408,0.4839733070780002,1.293414484879444,0.1714
409,0.4838092112460344,1.290178573453678,0.1922
410,0.4835357181927579,1.2914012054191508,0.1978
411,0.4823323487583415,1.2941533750940524,0.206
412,0.4834810195821026,1.2926674349643694,0.2151
413,0.4824417459796521,1.292763492430134,0.2123
414,0.4859971556722459,1.2863335840134245,0.1938
415,0.4856689640083141,1.2897568739891156,0.2005
416,0.4853407723443824,1.287993568479982,0.1827
417,0.482222951537031,1.2892053809732984,0.2025
418,0.4852313751230718,1.2876841942391033,0.2251
419,0.4850125806804507,1.287260140557347,0.2481
420,0.4840827042993108,1.2895769867929898,0.2019
421,0.4849578820697954,1.2886842672079688,0.2126
422,0.4857236626189695,1.285120509343992,0.2011
423,0.4844655945738978,1.287278774986772,0.1763
424,0.483754512635379,1.2841555510291307,0.1784
425,0.4840827042993108,1.2856995214871878,0.1943
426,0.4860518542829012,1.2862625824076226,0.2018
427,0.484684389016519,1.2857518393418783,0.233
428,0.483371622360792,1.2876232275489696,0.1926
429,0.4851766765124166,1.2831391622586945,0.1931
430,0.4823870473689968,1.286520003881226,0.2105
431,0.4850125806804507,1.2824537581524225,0.1733
432,0.4840827042993108,1.2849623490678783,0.1679
433,0.4834810195821026,1.2815619149467328,0.1801
434,0.482605841811618,1.2857953561185655,0.1986
435,0.4855048681763483,1.2830710007056485,0.212
436,0.4849578820697954,1.283717056539306,0.2096
437,0.4857236626189695,1.2809860492193417,0.223
438,0.4851766765124166,1.2818795192712455,0.1801
439,0.4863253473361776,1.281142051626042,0.2418
440,0.4865441417787988,1.2813328855891364,0.2184
441,0.4857783612296247,1.279663652067515,0.1846
442,0.4859424570615906,1.2786225927774604,0.2269
443,0.4858330598402801,1.2779389237069076,0.1919
444,0.4863253473361776,1.2769251596665516,0.1932
445,0.4858330598402801,1.2776300172787007,0.184
446,0.4872005251066623,1.2807989017719017,0.2318
447,0.4851219779017613,1.2778535381916407,0.2256
448,0.48676293622142,1.277071064194839,0.2051
449,0.4865441417787988,1.2787327819887233,0.2019
450,0.4859424570615906,1.2757504669063633,0.1953
451,0.4857236626189695,1.278375487047973,0.2014
452,0.4872552237173175,1.2751511540380038,0.2009
453,0.4857783612296247,1.274552558342433,0.1949
454,0.4868723334427305,1.276098112936889,0.1802
455,0.4852860737337272,1.2758373681962418,0.1763
456,0.4855595667870036,1.2755249933658654,0.1842
457,0.487528716770594,1.2737235175534316,0.226
458,0.4863800459468329,1.2757530199491591,0.2162
459,0.4875834153812493,1.272035439470093,0.2155
460,0.4852313751230718,1.2736273735464956,0.2203
461,0.4869817306640411,1.2732581146409456,0.2025
462,0.4847937862378295,1.2729797119411463,0.1908
463,0.4853407723443824,1.2758076938598475,0.2689
464,0.4875834153812493,1.271943396296625,0.2336
465,0.4872005251066623,1.2724175189884914,0.2257
466,0.4870364292746964,1.2698685419584257,0.185
467,0.4860518542829012,1.2702020315304456,0.227
468,0.4867082376107647,1.269251105443952,0.1898
469,0.4866535390001094,1.270680919098862,0.1703
470,0.4867082376107647,1.2696169753289044,0.2425
471,0.4890055792582868,1.2678551606987984,0.243
472,0.4873099223279729,1.2692049236008616,0.2231
473,0.4865988403894541,1.2673932164597728,0.1959
474,0.4868723334427305,1.2700767004963294,0.1902
475,0.4883491959304233,1.267029328388506,0.1802
476,0.4872552237173175,1.268906078340188,0.205
477,0.4883491959304233,1.2686715940849589,0.2121
478,0.4882944973197681,1.2651358080071988,0.2087
479,0.4879663056558363,1.2670846154295683,0.2141
480,0.4865441417787988,1.2669943426203354,0.198
481,0.4867082376107647,1.2678496265239234,0.2172
482,0.4880210042664916,1.265577489914251,0.2172
483,0.4880757028771469,1.2651004946840865,0.1984
484,0.4866535390001094,1.2665060363312983,0.1792
485,0.4893337709222186,1.2628518373748951,0.2953
486,0.4873646209386281,1.2644558433578204,0.2373
487,0.48676293622142,1.2632888820131971,0.195
488,0.4886773875943551,1.259894197285273,0.2006
489,0.4894431681435292,1.262517058462012,0.1995
490,0.4880757028771469,1.2624824523612794,0.2435
491,0.4865988403894541,1.2633466506575537,0.1932
492,0.4863253473361776,1.262951592636922,0.2077
493,0.4888414834263209,1.2588617828400648,0.2203
494,0.4878569084345258,1.263003540513761,0.2079
495,0.4880757028771469,1.2613581429945668,0.2071
496,0.489607263975495,1.261551402549151,0.2141
497,0.4885132917623892,1.2598152892775536,0.2028
498,0.4888414834263209,1.2598194730137071,0.2001
499,0.4898260584181161,1.2583641401592822,0.198
500,0.4888414834263209,1.2578015236687106,0.2163
501,0.4889508806476315,1.2585341956471734,0.2054
502,0.489607263975495,1.255792372936937,0.2062
503,0.4881304014878022,1.2595545231885192,0.1837
504,0.4888414834263209,1.2574747661547383,0.1933
505,0.4900448528607373,1.2567980239250742,0.2422
506,0.489224373700908,1.257264019975828,0.2893
507,0.4891696750902527,1.2545780012714771,0.2181
508,0.4904277431353244,1.2548276811313244,0.2184
509,0.4904277431353244,1.254986698890121,0.1997
510,0.4900448528607373,1.256580259604079,0.2458
511,0.4894978667541844,1.2546624149200027,0.1953
512,0.489990154250082,1.2522566691619694,0.1839
513,0.4914670167377749,1.2516952404346264,0.2213
514,0.489607263975495,1.2544277408636575,0.1878
515,0.4914670167377749,1.2516581765046435,0.2261
516,0.4906465375779455,1.2531164047846113,0.2356
517,0.4908106334099114,1.2506833853339252,0.2252
518,0.4891149764795974,1.2560829144183532,0.2082
519,0.4916311125697407,1.2513463850968674,0.1815
520,0.4917952084017066,1.252717874162555,0.2412
521,0.4903183459140138,1.2482136416756051,0.2617
522,0.4913576195164643,1.2505167616677355,0.208
523,0.4897713598074609,1.2513516797316229,0.2359
524,0.4909200306312219,1.2494855151371027,0.219
525,0.4899354556394267,1.249727087161197,0.1927
526,0.4903183459140138,1.2481261609798056,0.2169
527,0.4923968931189147,1.2461845866700854,0.1613
528,0.4927797833935018,1.2469822642005333,0.2255
529,0.491685811180396,1.2456046260690392,0.2044
530,0.4917405097910513,1.2481252529756492,0.2171
531,0.4916311125697407,1.2441859658053167,0.1993
532,0.4904824417459796,1.2478360678014786,0.2199
533,0.4914670167377749,1.2454691859541491,0.2469
534,0.4926156875615359,1.2432635765135152,0.2008
535,0.4905918389672902,1.2468943009033804,0.2234
536,0.4924515917295701,1.245226403944681,0.2362
537,0.4910294278525325,1.2435260663446197,0.1632
538,0.4927797833935018,1.2410096619977118,0.194
539,0.4913576195164643,1.2436057101218292,0.1746
540,0.4908653320205667,1.2430923580406088,0.2494
541,0.4908653320205667,1.2417121183010202,0.2107
542,0.4922874958976042,1.240939336432864,0.1907
543,0.490373044524669,1.2431704514319546,0.2075
544,0.4934908653320206,1.2415584631866547,0.2261
545,0.4936549611639864,1.2415128245211289,0.1984
546,0.4931079750574335,1.238756049306632,0.2176
547,0.4919593042336724,1.2416112082047062,0.187
548,0.4909747292418772,1.2392507355161784,0.2
549,0.4908106334099114,1.2414562982694417,0.1907
550,0.4944207417131604,1.239830950367778,0.1987
551,0.4924515917295701,1.2402559088064409,0.2748
552,0.4919046056230172,1.237900992958333,0.1997
553,0.4955147139262663,1.236203801278512,0.2044
554,0.491685811180396,1.2385242062785564,0.2445
555,0.4929438792254677,1.237222142767794,0.2268
556,0.4938190569959523,1.2340145905551758,0.195
557,0.4944207417131604,1.2354437567944887,0.2393
558,0.4923968931189147,1.2378265408167577,0.2137
559,0.4934361667213652,1.2361846511883805,0.1915
560,0.494530138934471,1.2333366870097655,0.2263
561,0.4922874958976042,1.2397956896527254,0.2181
562,0.4939284542172629,1.2351286475578345,0.2223
563,0.4936002625533311,1.2350483982923737,0.2368
564,0.4947489333770922,1.233219106522604,0.2538
565,0.4928344820041571,1.236056328823994,0.2039
566,0.4960617000328192,1.2326206350962947,0.2256
567,0.4946942347664369,1.2316059385735154,0.1988
568,0.4957882069795427,1.2323318301242494,0.2239
569,0.4956241111475769,1.231486599328755,0.1904
570,0.4959523028115086,1.230033343345067,0.254
571,0.4943660431025052,1.2334219710126042,0.1997
572,0.4951865222623345,1.2278436782284177,0.2202
573,0.4952959194836451,1.2305404384709229,0.1894
574,0.495842905590198,1.2294756933865798,0.1923
575,0.4978667541844437,1.2274668239136126,0.2148
576,0.4962804944754403,1.22663212093766,0.1898
577,0.4961163986434744,1.2277957875884318,0.246
578,0.4968274805819932,1.22762787425535,0.2219
579,0.4971009736352696,1.2268028923985526,0.2237
580,0.4933267695000547,1.2287245133214988,0.199
581,0.497921452795099,1.2267561310452113,0.2229
582,0.4957882069795427,1.2283399783473423,0.2513
583,0.4962804944754403,1.2252439149111238,0.2061
584,0.4956241111475769,1.224011015492969,0.2398
585,0.4956241111475769,1.225910711857047,0.2026
586,0.4937096597746417,1.229833438104071,0.1897
587,0.496608686139372,1.225397588596108,0.284
588,0.4965539875287167,1.2242665410811238,0.1622
589,0.4981402472377201,1.224550477955798,0.2004
590,0.4955147139262663,1.2253771687790258,0.2288
591,0.4982496444590307,1.220197110725902,0.226
592,0.4993983152827918,1.225577484868885,0.2282
593,0.4980308500164095,1.2213936823617575,0.2505
594,0.4970462750246143,1.221615707009669,0.187
595,0.5001640958319659,1.2176255799137965,0.2014
596,0.4973744666885461,1.220853253470353,0.1843
597,0.5002187944426212,1.219934776619349,0.2428
598,0.4980855486270649,1.2204231381246786,0.2232
599,0.4995624111147577,1.218795188784456,0.2166
600,0.4974291652992014,1.2203392511305615,0.2054
601,0.4997812055573788,1.21904205000514,0.2342
602,0.4992342194508259,1.2192754231661496,0.2082
603,0.5008751777704846,1.219540544430493,0.2207
604,0.5003281916639317,1.214802145358053,0.2173
605,0.5003281916639317,1.216532271769855,0.2241
606,0.4984684389016519,1.216065986479102,0.216
607,0.4999453013893447,1.218788946709061,0.2619
608,0.4971556722459249,1.2166871824745484,0.2306
609,0.5001640958319659,1.2164136383129462,0.1979
610,0.4996171097254129,1.2132220750642206,0.2023
611,0.4997812055573788,1.216281995055008,0.2061
612,0.5006563833278634,1.2136607080512176,0.2213
613,0.5002734930532764,1.2136963128182865,0.2634
614,0.5008751777704846,1.2131504968041835,0.2307
615,0.5030631221966962,1.2101613468472303,0.2011
616,0.5010392736024505,1.2129973541684804,0.2656
617,0.5010392736024505,1.2124510290142536,0.2592
618,0.4976479597418226,1.2160127342510192,0.2443
619,0.4999453013893447,1.2145345993498955,0.2258
620,0.5043211902417679,1.210469878211531,0.2005
621,0.5004922874958976,1.2134382693332757,0.256
622,0.5025708347007986,1.209149383791765,0.1997
623,0.5046493819056996,1.209067627137162,0.1913
624,0.5031178208073515,1.2105539014206166,0.2542
625,0.5026802319221092,1.2081707203339962,0.2778
626,0.5029537249753856,1.2097526257675308,0.2632
627,0.504539984684389,1.206927746315908,0.229
628,0.5040476971884914,1.2084300180269714,0.2343
629,0.5053057652335631,1.205623742592777,0.2202
630,0.5048681763483207,1.2068137487193034,0.2645
631,0.5028990263647304,1.205628640097975,0.2084
632,0.5054698610655289,1.2043265516785873,0.2733
633,0.5037195055245597,1.2088066465600864,0.2586
634,0.5027349305327644,1.208400972613802,0.2355
635,0.503774204135215,1.2077457485150984,0.1982
636,0.5037195055245597,1.205255879783067,0.2173
637,0.50661853188929,1.2032316903188498,0.1963
638,0.5056339568974948,1.2072855930153097,0.2156
639,0.507001422163877,1.2018901817569871,0.2119
640,0.5053604638442184,1.2011473414256555,0.248
641,0.5035554096925938,1.2034610865505009,0.2173
642,0.5049775735696314,1.2000665024351649,0.2637
643,0.5067826277212559,1.2013964426881336,0.2408
644,0.5052510666229078,1.2035664521217242,0.2294
645,0.504922874958976,1.2021494667087442,0.2225
646,0.5090252707581228,1.2003302114195824,0.2229
647,0.507384312438464,1.2022340205367523,0.2832
648,0.5072202166064982,1.2006479826449252,0.2531
649,0.5093534624220545,1.198832487462712,0.2679
650,0.5077672027130511,1.2000136586563708,0.2203
651,0.5090252707581228,1.1976354755832077,0.2856
652,0.5061262443933924,1.1990536172780435,0.277
653,0.5074390110491194,1.200713398471962,0.2475
654,0.5083688874302593,1.197542801334722,0.2145
655,0.5082047915982933,1.1950880424053816,0.1962
656,0.5105568318564708,1.1966326242202143,0.2346
657,0.5108303249097473,1.1956902161793197,0.2541
658,0.509462859643365,1.1937347852926836,0.2389
659,0.5091346679794333,1.1955178404464697,0.2613
660,0.5099551471392627,1.1957062690710032,0.2744
661,0.5074390110491194,1.1989759203381147,0.2534
662,0.5146592276556176,1.1925294238594322,0.2561
663,0.5096816540859862,1.1931697683148643,0.2027
664,0.5114320096269555,1.1949038885312926,0.2348
665,0.509244065200744,1.192893045225833,0.2299
666,0.5109397221310579,1.1922933266468296,0.2601
667,0.509244065200744,1.1936949067271756,0.2418
668,0.5114320096269555,1.190296451472412,0.2604
669,0.5135105568318564,1.19125540549144,0.2719
670,0.5097910513072968,1.1934084875971491,0.2203
671,0.5140028443277541,1.1905222001032447,0.2669
672,0.5113773110163002,1.1925952141504816,0.2343
673,0.5110491193523684,1.1904243620098478,0.2306
674,0.5134011596105459,1.1874101341403218,0.287
675,0.5121977901761295,1.1876315174759016,0.2291
676,0.5154797068154469,1.186274392653602,0.2515
677,0.514385734602341,1.190218762996199,0.2612
678,0.5127994748933377,1.1892209378938263,0.2299
679,0.5133464609998906,1.187560878923093,0.2846
680,0.51323706377858,1.1853262619929976,0.2695
681,0.5142216387703752,1.1871916395662494,0.2531
682,0.5133464609998906,1.1868886100999405,0.2443
683,0.5155344054261022,1.1853164571886865,0.3004
684,0.5176676512416585,1.1810318525008854,0.2431
685,0.5177223498523138,1.183785163173398,0.2443
686,0.5163001859752763,1.183809316376082,0.2538
687,0.5156438026474127,1.183886849727637,0.243
688,0.5156438026474127,1.1828126522895088,0.2193
689,0.5159719943113444,1.1844384637654657,0.2367
690,0.516628377639208,1.181203914019905,0.227
691,0.5149874193195493,1.1846955351098702,0.2522
692,0.5179411442949349,1.1803195631069787,0.217
693,0.5174488567990373,1.1808893363280966,0.2944
694,0.5163001859752763,1.1827903521320462,0.3001
695,0.5177223498523138,1.1808742337721911,0.2375
696,0.5188163220654195,1.1775210181493856,0.2633
697,0.5199649928891806,1.1796378617265295,0.2627
698,0.5172847609670714,1.1819846596319818,0.2528
699,0.5183787331801772,1.1771237456998085,0.188
700,0.517777048462969,1.1800273010003308,0.2634
701,0.5191445137293512,1.177287712072129,0.242
702,0.5176129526310032,1.1785143446627573,0.228
703,0.5199102942785253,1.1764174853929896,0.2644
704,0.5190351165080407,1.1796788099675168,0.2472
705,0.5201837873318018,1.1771700883795873,0.2411
706,0.5185428290121431,1.1780643613368986,0.3129
707,0.521168362323597,1.1762623197074376,0.2275
708,0.5238485942457062,1.1703770857464495,0.2829
709,0.5228640192539109,1.172460737511126,0.3579
710,0.5195821026145936,1.1736980671173711,0.2445
711,0.5205119789957335,1.1765585761664408,0.243
712,0.5199649928891806,1.1771764129403517,0.3291
713,0.5216059512088393,1.171784120228864,0.2681
714,0.5208948692703206,1.1756725530370868,0.2015
715,0.5240673886883274,1.1689969887554534,0.2616
716,0.5188163220654195,1.1759190036958136,0.3055
717,0.5237938956350509,1.1744127700005669,0.2804
718,0.523246909528498,1.1725152842704556,0.2915
719,0.5237391970243955,1.171527670491591,0.2285
720,0.5254895525653649,1.166622730551318,0.2992
721,0.5224264303686686,1.1723404250694252,0.2623
722,0.5222623345367028,1.1709479711572446,0.2958
723,0.5230281150858768,1.1684593673399744,0.2837
724,0.5252160595120884,1.1676491478994162,0.2806
725,0.5278415928235423,1.1677272412320767,0.2794
726,0.5255442511760201,1.1693374659923557,0.278
727,0.5237391970243955,1.16935062830981,0.3466
728,0.5276227983809211,1.1658253280068758,0.2878
729,0.5234110053604638,1.170589932583182,0.3202
730,0.5275680997702659,1.1648096178334622,0.2704
731,0.5259271414506071,1.1666076590725087,0.2815
732,0.5269117164424023,1.1666966772434189,0.3195
733,0.527021113663713,1.166885636069558,0.1923
734,0.5299201400284432,1.1663391191449992,0.3314
735,0.5278415928235423,1.1634639362422423,0.3349
736,0.5257630456186413,1.1623388439231048,0.2061
737,0.5289355650366481,1.1627028045293315,0.288
738,0.5266382233891259,1.162593559185429,0.2602
739,0.5290996608686139,1.163409876035739,0.2292
740,0.5280603872661634,1.1624970596893756,0.2658
741,0.5291543594792693,1.1590442436422956,0.2338
742,0.5287167705940269,1.1612551235654476,0.2654
743,0.5307406191882726,1.1617171937169215,0.2903
744,0.5283338803194398,1.1630441891183323,0.2348
745,0.5284432775407505,1.163595054267259,0.3772
746,0.5307953177989279,1.1596294885755771,0.2961
747,0.5281150858768188,1.162992632698144,0.3462
748,0.5287714692046822,1.1596280522216609,0.2686
749,0.5315063997374466,1.1569639961042155,0.2997
750,0.5305218247456515,1.1606558541241678,0.2828
751,0.5299748386390986,1.1576129967503077,0.2879
752,0.5317798927907231,1.157654216638763,0.2287
753,0.5301389344710644,1.1609555795982751,0.3374
754,0.5312876052948255,1.160722329102464,0.2834
755,0.5325456733398972,1.1566676735786705,0.2518
756,0.5305765233563068,1.1563612835215031,0.2928
757,0.5345148233234875,1.1547253275188858,0.2821
758,0.5300842358604091,1.1595136369817458,0.2896
759,0.53402253582759,1.1528946994600586,0.2447
760,0.5345695219341429,1.1528660603052625,0.3159
761,0.5322174816759654,1.1573757619568796,0.2527
762,0.5335849469423477,1.1561851022462852,0.2439
763,0.5328191663931736,1.1541520490543076,0.2937
764,0.5346789191554534,1.1538334050489951,0.2765
765,0.5311782080735149,1.1568333783252485,0.2928
766,0.5333114538890712,1.15191186607673,0.2811
767,0.533256755278416,1.1546241834836328,0.3297
768,0.5335849469423477,1.1542621522851697,0.2984
769,0.5351712066513511,1.1515493848211409,0.2883
770,0.5309594136308938,1.1500721830284162,0.2778
771,0.5346242205447982,1.1506892871887988,0.3237
772,0.5370856580242862,1.1494838857452532,0.2874
773,0.5356634941472487,1.1488718963167546,0.2626
774,0.5350618094300404,1.1490868216543697,0.3032
775,0.539328301061153,1.1492071496672214,0.3279
776,0.5378514385734602,1.1480859312391976,0.3051
777,0.5362104802538016,1.148458996926026,0.2814
778,0.5354993983152828,1.1470279330146247,0.2528
779,0.5391642052291872,1.1451828396955448,0.2816
780,0.5370309594136309,1.1455754765717236,0.3216
781,0.5370856580242862,1.1457747392745186,0.2844
782,0.5363198774751121,1.1497106141979383,0.2378
783,0.5379608357947708,1.1452228254985528,0.2705
784,0.5392189038398425,1.1448638012993193,0.2567
785,0.5407504649381906,1.1452272542912385,0.2645
786,0.5396017941144295,1.1452779154484882,0.2956
787,0.5358275899792145,1.1474348662940512,0.3204
788,0.539328301061153,1.1442370061057492,0.2418
789,0.5415709440980199,1.1403047047354125,0.2491
790,0.5388360135652555,1.1412204965539892,0.3233
791,0.5387813149546001,1.1459321517311056,0.2671
792,0.541023957991467,1.141216786681608,0.2809
793,0.5385078219013237,1.1429511847661395,0.3795
794,0.5397658899463954,1.1394696542254528,0.2788
795,0.5397111913357401,1.1378393792673112,0.3691
796,0.542336724647194,1.1369189979236896,0.3409
797,0.5378514385734602,1.1412788960386218,0.3278
798,0.5390001093972213,1.143422174696301,0.2953
799,0.5399846843890165,1.14021695815634,0.3381
800,0.5419538343726069,1.1403041988164562,0.3476
801,0.5397658899463954,1.139176661735316,0.273
802,0.5430478065857127,1.1368784587840493,0.3234
803,0.5408598621595011,1.1373547698746962,0.298
804,0.5461656273930642,1.133771234014574,0.3033
805,0.5434306968602998,1.137024598340213,0.3191
806,0.5444152718520949,1.1389588408417468,0.3436
807,0.5433212996389891,1.1347482458739977,0.3061
808,0.5398205885570506,1.135511805617096,0.2693
809,0.5455092440652007,1.1365738464332933,0.2903
810,0.5449622579586478,1.1335971840308747,0.3081
811,0.5456186412865113,1.1320643210851864,0.2944
812,0.5415709440980199,1.1334446616329803,0.2561
813,0.5440870801881632,1.1345514856403602,0.2932
814,0.5446887649053714,1.1353014891445734,0.3017
815,0.5483535718192758,1.1279432473121649,0.3089
816,0.5445793676840608,1.1384505359522168,0.2364
817,0.5445793676840608,1.129681439188974,0.3822
818,0.5445246690734056,1.1320125954167586,0.2573
819,0.5459468329504431,1.1333057820542665,0.3107
820,0.5455639426758561,1.133078640144485,0.3536
821,0.54725959960617,1.1291953998717368,0.3114
822,0.5471502023848595,1.1296822057616958,0.3051
823,0.546110928782409,1.13185312574247,0.3376
824,0.5451263537906137,1.1298400341140769,0.3338
825,0.5470955037742041,1.1294101010578073,0.3276
826,0.5482988732086205,1.1304650119691353,0.3267
827,0.5480253801553441,1.1275524549001208,0.2826
828,0.5464938190569959,1.1316017011703594,0.2915
829,0.5472049009955147,1.1260306066789116,0.3297
830,0.5456186412865113,1.1271118334484445,0.3821
831,0.5481894759873099,1.128416578666137,0.3247
832,0.5487364620938628,1.128069400135295,0.3145
833,0.5475877912701017,1.1227445485698566,0.3013
834,0.5467126134996171,1.128085606573656,0.2717
835,0.551033803741385,1.1242154300532368,0.3004
836,0.5499945301389345,1.1257812049871148,0.3448
837,0.549338146811071,1.1231591567574803,0.3554
838,0.5495569412536921,1.1228558426807855,0.2886
839,0.5474236954381358,1.1243533536493484,0.2976
840,0.5509791051307297,1.1231995837822248,0.2918
841,0.5486270648725522,1.1240852001837236,0.3754
842,0.5507056120774533,1.1243851916323917,0.3217
843,0.5518542829012143,1.1218373799999568,0.3089
844,0.5503774204135214,1.1234487738941603,0.3111
845,0.5480253801553441,1.1325016995381896,0.3281
846,0.5496116398643475,1.1239924628812052,0.327
847,0.5513072967946614,1.1213502859393742,0.281
848,0.5532764467782518,1.1195834982174775,0.2969
849,0.5496116398643475,1.120361206581342,0.3158
850,0.5481894759873099,1.1229175977875925,0.3258
851,0.5504321190241768,1.120309760567657,0.3286
852,0.5533858439995624,1.1179760060833577,0.3517
853,0.5515807898479379,1.1173919569075388,0.2803
854,0.5513619954053167,1.11950120622305,0.3761
855,0.553495241220873,1.1168446665506058,0.3108
856,0.5519089815118696,1.1186326935833542,0.3712
857,0.5516901870692484,1.11868426856112,0.4098
858,0.552182474565146,1.1186179293935166,0.3123
859,0.554643912044634,1.1147740936268864,0.2793
860,0.5545892134339788,1.1192831182333798,0.3286
861,0.5536593370528389,1.1187872169393638,0.3441
862,0.5550815009298764,1.1175557650970482,0.398
863,0.554261021770047,1.1154636355774523,0.2811
864,0.5523465703971119,1.1139524563594376,0.296
865,0.552182474565146,1.1118711744483118,0.3462
866,0.5546986106552894,1.1128435700091788,0.2676
867,0.555573788425774,1.11573750218186,0.3884
868,0.554425117602013,1.1145586063063466,0.34
869,0.5569412536921562,1.1116296128310672,0.295
870,0.5598949786675419,1.1060036774759363,0.3281
871,0.5547533092659447,1.1087563435236614,0.3739
872,0.5547533092659447,1.1122390596757843,0.3208
873,0.5557925828683952,1.1118966968429127,0.3332
874,0.5554643912044634,1.1123258036109658,0.3389
875,0.5574882397987091,1.109571593163272,0.3487
876,0.555573788425774,1.114172429214772,0.3553
877,0.5530576523356306,1.1106255506089422,0.4092
878,0.5572147467454327,1.107176183558778,0.3814
879,0.5550815009298764,1.115470115080298,0.3781
880,0.5533311453889072,1.114670180580624,0.3118
881,0.5578711300732961,1.1066082117268272,0.3557
882,0.556722459249535,1.1089056091644534,0.4395
883,0.5583087189585385,1.1062174024786395,0.3955
884,0.5578711300732961,1.1077697836274247,0.255
885,0.560113773110163,1.1073367418443174,0.459
886,0.5546986106552894,1.111816885760597,0.329
887,0.5577070342413303,1.1049059936820569,0.3425
888,0.5592385953396783,1.1070569777512185,0.2757
889,0.5551908981511869,1.1097513414318667,0.3564
890,0.5600590744995078,1.1025988510512847,0.2497
891,0.557105349524122,1.1095275294401232,0.3264
892,0.5613718411552346,1.1019524511916934,0.2815
893,0.5590744995077125,1.1061821264010945,0.4308
894,0.5608248550486817,1.0993754655862844,0.3323
895,0.5588010064544361,1.1056556880324118,0.3323
896,0.5613171425445793,1.1039122629838574,0.4069
897,0.56142653976589,1.1037488046822852,0.3259
898,0.5630674980855487,1.1006735006029216,0.3268
899,0.5627393064216168,1.1001723313433325,0.3413
900,0.5603872661634395,1.10063270802128,0.3024
901,0.5606607592167159,1.1014445514389963,0.3574
902,0.5598949786675419,1.1028964093054636,0.3921
903,0.56049666338475,1.102071175897634,0.3285
904,0.5583087189585385,1.103238114720165,0.3628
905,0.5634503883601356,1.096473632358563,0.4454
906,0.5602231703314736,1.101573214256037,0.3351
907,0.5625205119789958,1.0973195189420824,0.3551
908,0.5642161689093097,1.0957862239034728,0.3193
909,0.5632315939175145,1.09726777978909,0.3113
910,0.562958100864238,1.0991475161806057,0.394
911,0.5621923203150639,1.0969471123296524,0.3771
912,0.5632862925281698,1.0993718990884715,0.3492
913,0.5618641286511322,1.0986412509292862,0.3419
914,0.5640520730773438,1.097357848099814,0.3827
915,0.5630127994748934,1.0940365530758325,0.3854
916,0.5618641286511322,1.0987281432729257,0.3838
917,0.5628487036429275,1.0970879032475958,0.3282
918,0.5648725522371731,1.0912867552889032,0.3017
919,0.5643255661306202,1.0936986441920538,0.3417
920,0.5638332786347227,1.0949086773748955,0.3409
921,0.5652554425117602,1.0913141062243763,0.3502
922,0.5653101411224155,1.0917237674547042,0.3387
923,0.5664588119461765,1.0899457885874475,0.351
924,0.5642161689093097,1.0945543846668293,0.3988
925,0.5630674980855487,1.0987794280195635,0.3256
926,0.563887977245378,1.0926274788117545,0.3663
927,0.5656383327863472,1.0891415942303395,0.3908
928,0.5671151952740401,1.0884151385057652,0.3272
929,0.5670057980527294,1.0870480115793686,0.3096
930,0.5653648397330708,1.088437192446032,0.3968
931,0.5673339897166612,1.08953564826384,0.2861
932,0.565036648069139,1.0894054253909118,0.3459
933,0.5653101411224155,1.0891348161239385,0.3467
934,0.5640520730773438,1.0940646792303197,0.3714
935,0.5673339897166612,1.0851516453028638,0.2705
936,0.5680997702658352,1.0888593046373851,0.3258
937,0.5677715786019035,1.089026173999124,0.3045
938,0.5696860299748386,1.0836433468912456,0.3133
939,0.5655289355650367,1.0903655631499691,0.3311
940,0.5670604966633848,1.0862371710924492,0.3899
941,0.5689749480363199,1.083414916110083,0.327
942,0.5695766327535281,1.081367726477788,0.3478
943,0.5698501258068045,1.086977979440734,0.3206
944,0.5672245924953506,1.089975965608589,0.3367
945,0.5673886883273165,1.088538220760507,0.3143
946,0.5675527841592823,1.0834065980768324,0.3208
947,0.5677168799912482,1.086596467017397,0.3354
948,0.5664588119461765,1.0823274276773251,0.3801
949,0.5695766327535281,1.084006735485892,0.335
950,0.5695766327535281,1.085659106559428,0.4012
951,0.5700142216387704,1.0821838627340443,0.3708
952,0.5709440980199103,1.0837240518410949,0.3343
953,0.5697954271961492,1.0842621853961658,0.2764
954,0.5685373591510776,1.0822677556879736,0.4083
955,0.5684826605404223,1.082126187849144,0.3756
956,0.573350836888743,1.0804573017898031,0.3534
957,0.5714910841264632,1.080696035925975,0.3911
958,0.5678262772125588,1.082025976765796,0.3063
959,0.5730226452248113,1.0768530372978105,0.4014
960,0.5734055354993983,1.0765809654446168,0.3544
961,0.5747183021551252,1.072935568205234,0.4253
962,0.5764139590854392,1.073391833851523,0.324
963,0.5732414396674325,1.076664386764813,0.3711
964,0.5709987966305656,1.0774450468920524,0.3576
965,0.5743354118805383,1.0789706883447696,0.3494
966,0.5696313313641833,1.074576814917216,0.3388
967,0.5758669729788863,1.074870336643912,0.3896
968,0.5744448091018488,1.0780322163883047,0.3573
969,0.5735696313313642,1.075122479536434,0.3698
970,0.5726397549502242,1.0743365270827248,0.3177
971,0.572585056339569,1.0733092444402854,0.3789
972,0.5737884257739854,1.0761210776082195,0.365
973,0.5737884257739854,1.0757803948490772,0.3614
974,0.5718192757903949,1.07319738653371,0.2992
975,0.5731320424461218,1.0753242068238025,0.4715
976,0.5752652882616781,1.073411270782079,0.3477
977,0.5764686576960946,1.0729258137267783,0.3671
978,0.5732414396674325,1.0736964695850877,0.3909
979,0.5741166174379171,1.072090908501918,0.4685
980,0.5769609451919921,1.068516757253249,0.3248
981,0.5773985340772344,1.0675666259605583,0.4103
982,0.5731320424461218,1.078804774535275,0.3417
983,0.5732961382780878,1.0718477351075253,0.3571
984,0.5757575757575758,1.0715969085119548,0.3263
985,0.577125041023958,1.0688018337431706,0.3087
986,0.578054917405098,1.0671697227324457,0.3734
987,0.5748276993764359,1.0701101146815264,0.3876
988,0.5796411771141013,1.0651710175304625,0.3679
989,0.5776173285198556,1.069529097133178,0.303
990,0.5782190132370638,1.0663920734320176,0.3878
991,0.5782190132370638,1.0671158662941456,0.3978
992,0.5804616562739306,1.0675394552931092,0.3904
993,0.5783831090690297,1.0667236577159087,0.3484
994,0.577125041023958,1.0672735046889168,0.33
995,0.5760310688108522,1.0685061576290524,0.296
996,0.5786566021223061,1.0662416356382711,0.3205
997,0.5793129854501695,1.0676475693289866,0.3335
998,0.5819385187616235,1.0633264169457208,0.3547
999,0.5779455201837873,1.0643692957130384,0.3688
